Time,X_CrestFactor,X_Deviation,X_Displacement,X_Kurtosis,X_OAVelocity,X_Peakmg,X_RMSmg,X_Skewness,Y_CrestFactor,Y_Deviation,Y_Displacement,Y_Kurtosis,Y_OAVelocity,Y_Peakmg,Y_RMSmg,Y_Skewness,Z_CrestFactor,Z_Deviation,Z_Displacement,Z_Kurtosis,Z_OAVelocity,Z_Peakmg,Z_RMSmg,Z_Skewness,Temp_SenVal,INV.HZ,INV.KW,RPM,馬達級數,DESCRIPION
2021/8/26 16:09,641,4,99,418,242,47,33,-30,571,4,76,1656,176,48,33,-124,445,4,94,1968,243,53,37,-206,40187,53.5,65.5805,3600,2,馬達
2021/8/26 17:07,349,66,119,-8,761,799,565,-5,300,64,100,9,596,841,595,-3,380,38,67,-11,556,490,346,7,40125,53.66,65.1292,3600,2,馬達
2021/8/26 17:34,370,67,122,-5,769,811,573,-4,115,65,87,-3,573,853,603,-6,414,39,66,-3,553,495,350,6,40562,53.57,65.4157,3600,2,馬達
2021/8/26 18:09,401,67,133,0,797,806,570,-1,89,65,88,2,603,878,621,-5,387,39,68,-16,571,498,352,8,40625,53.64,64.5726,3600,2,馬達
2021/8/26 19:09,365,67,120,2,806,813,574,-9,170,66,101,-2,623,881,622,-6,403,39,68,-6,577,501,354,8,40812,53.55,65.4052,3600,2,馬達
2021/8/26 22:09,399,65,130,-9,801,785,555,-4,187,68,113,2,661,917,648,-6,408,39,67,-2,563,500,353,4,40812,53.6,65.7129,3600,2,馬達
2021/8/26 23:12,368,66,153,-4,852,792,560,-6,157,69,107,-6,672,923,653,-4,376,39,72,-17,592,504,357,6,41062,53.61,64.9227,3600,2,馬達
2021/8/27 00:12,398,65,112,-6,814,793,561,-1,199,68,117,0,671,917,648,-5,367,40,63,-1,580,507,359,7,41187,53.68,65.699,3600,2,馬達
2021/8/27 01:12,380,65,123,-9,802,784,554,-4,138,69,106,0,671,931,658,-8,444,39,68,0,564,499,353,6,40312,53.65,65.3909,3600,2,馬達
2021/8/27 03:12,419,64,121,8,797,772,546,-6,208,72,140,-7,739,962,680,-3,380,39,66,-5,578,506,358,8,40375,53.7,66.2344,3600,2,馬達
2021/8/27 06:12,393,64,160,-3,858,781,552,-4,141,71,96,-13,686,956,676,-7,426,40,72,-11,581,504,356,10,41062,53.6,66.1626,3600,2,馬達
2021/8/27 06:29,397,64,157,-9,857,779,551,-4,217,72,135,-14,717,962,680,-5,372,40,88,-9,596,510,360,8,40750,53.61,66.4568,3600,2,馬達
2021/8/27 07:13,372,64,129,-7,834,776,549,-3,138,72,133,3,714,973,688,2,389,39,74,-11,588,502,355,8,40875,53.61,65.5135,3600,2,馬達
2021/8/27 08:13,404,64,140,-5,836,782,553,-1,108,71,101,-16,690,948,670,-7,415,39,61,-3,571,497,352,11,40750,53.54,65.6877,3600,2,馬達
2021/8/27 09:13,387,64,138,2,823,778,550,-7,110,70,102,-11,706,942,666,-2,367,39,68,-9,581,499,353,10,40562,53.61,65.3846,3600,2,馬達
2021/8/27 11:13,416,65,127,-2,829,787,556,-2,148,72,133,-6,719,964,681,0,375,40,68,-9,593,509,360,11,40437,53.59,65.514,3600,2,馬達
2021/8/27 12:13,363,65,170,-2,858,786,555,-7,155,73,153,-11,755,984,696,0,387,39,67,-9,565,503,355,7,40375,53.58,65.5469,3600,2,馬達
2021/8/27 13:13,385,64,146,-5,812,788,557,-3,140,71,130,-10,714,960,679,-4,425,40,72,-1,571,504,356,8,40312,53.55,65.7611,3600,2,馬達
2021/8/27 15:13,376,65,156,-5,803,782,553,-2,163,72,156,-5,770,968,685,-1,401,39,64,1,558,500,353,4,40312,53.57,65.3093,3600,2,馬達
2021/8/27 16:13,396,64,155,-2,825,775,548,-2,109,74,136,-6,755,988,698,0,411,40,75,-6,577,505,357,7,40437,53.58,65.026,3600,2,馬達
2021/8/27 19:13,402,63,169,-1,866,775,548,-5,152,77,141,-26,786,1036,733,0,402,40,75,-1,574,505,357,8,40375,53.62,65.8104,3600,2,馬達
2021/8/27 21:13,422,63,157,4,849,773,547,-2,105,77,138,-21,774,1030,728,-1,384,40,79,-11,585,507,358,5,40312,53.57,65.4227,3600,2,馬達
2021/8/27 22:13,391,64,122,-8,802,780,551,-5,138,77,142,-12,763,1035,732,-5,392,40,70,-6,579,502,355,4,40312,53.59,65.3863,3600,2,馬達
2021/8/28 00:13,381,65,148,-6,838,796,563,-2,178,75,134,-22,764,1016,718,-2,387,39,67,-9,581,507,358,4,40062,53.58,65.8563,3600,2,馬達
2021/8/28 01:13,355,66,122,-3,783,805,569,-5,152,72,121,-5,701,968,684,-3,388,40,69,-7,570,513,363,7,40812,53.58,65.7515,3600,2,馬達
2021/8/28 02:13,357,64,156,-2,820,795,562,-5,149,73,104,-10,704,992,701,-2,376,40,70,-1,575,517,366,7,41062,53.63,64.7638,3600,2,馬達
2021/8/28 03:13,402,66,145,-3,800,797,563,-5,124,74,123,-14,732,1007,712,-4,395,40,70,-9,566,505,357,11,41187,53.63,65.3954,3600,2,馬達
2021/8/28 04:13,363,65,130,-9,826,803,568,-3,171,75,151,-23,772,1013,716,0,400,40,72,0,584,511,361,6,41062,53.59,64.6376,3600,2,馬達
2021/8/28 05:13,391,66,126,-4,823,823,582,-6,113,70,121,-3,691,943,667,0,382,40,66,-6,592,516,365,8,40687,53.51,65.8729,3600,2,馬達
2021/8/28 07:13,385,66,116,-3,807,805,569,-4,137,75,120,-15,749,1007,712,1,386,40,66,-2,589,513,362,9,40687,53.61,65.8457,3600,2,馬達
2021/8/28 08:13,382,66,150,-2,844,817,577,-6,108,75,121,-10,747,1015,718,0,407,40,73,7,591,513,362,12,40687,53.63,65.9298,3600,2,馬達
2021/8/28 09:13,392,68,154,7,881,828,586,-9,161,78,145,-18,829,1048,741,0,417,41,67,4,574,521,368,10,41187,53.68,65.1865,3600,2,馬達
2021/8/28 10:13,442,63,170,0,848,782,553,-1,130,79,178,-31,863,1052,744,-4,392,40,69,-10,574,509,360,10,41187,53.58,65.6149,3600,2,馬達
2021/8/28 12:13,368,65,156,3,814,797,563,-9,116,74,141,-9,776,1002,709,-1,381,40,67,1,581,517,365,7,41312,53.6,65.592,3600,2,馬達
2021/8/28 12:13,368,65,156,3,814,797,563,-9,116,74,141,-9,776,1002,709,-1,381,40,67,1,581,517,365,7,41750,53.6,65.592,3600,2,馬達
2021/8/28 13:13,373,64,146,-4,851,773,546,-7,188,79,165,-33,860,1064,752,-1,394,40,73,-5,590,512,362,6,41875,53.54,65.7015,3600,2,馬達
2021/8/28 14:13,381,63,153,-6,820,762,538,-7,156,78,133,-21,802,1040,735,-2,425,40,61,-6,549,498,352,9,41500,53.63,65.8181,3600,2,馬達
2021/8/28 19:13,414,65,182,3,839,776,549,-7,111,78,161,-27,867,1037,733,-4,377,40,74,-8,581,503,355,7,41250,53.69,65.7806,3600,2,馬達
2021/8/28 20:13,394,63,137,-6,815,773,546,-3,194,78,186,-23,896,1046,740,-2,372,40,73,-8,576,503,355,1,40250,53.61,65.4273,3600,2,馬達
2021/8/28 21:13,381,63,152,-4,820,769,544,-4,140,76,120,-24,800,1031,729,1,399,39,65,-8,572,500,354,8,40312,53.49,65.2351,3600,2,馬達
2021/8/28 23:13,370,63,171,-4,848,764,540,-8,191,78,189,-17,906,1059,748,-6,413,40,72,-4,576,502,355,7,40250,53.55,65.4489,3600,2,馬達
2021/8/29 00:13,391,64,157,-8,861,775,548,-3,145,77,226,-21,933,1031,729,-4,385,40,72,-5,580,506,357,8,41000,53.61,65.7299,3600,2,馬達
2021/8/29 01:13,417,64,148,1,851,782,553,-5,282,76,138,-14,818,1021,722,-4,382,40,69,-2,575,505,357,7,43000,53.59,65.4096,3600,2,馬達
2021/8/29 02:13,383,64,129,-1,811,784,554,-1,139,76,155,-4,817,1028,726,-7,387,40,70,-3,579,505,357,7,36437,53.58,65.4605,3600,2,馬達
2021/8/29 03:13,405,63,157,-3,858,768,543,-2,170,78,194,-26,908,1053,745,-5,442,40,74,-1,580,505,357,9,36437,53.57,65.558,3600,2,馬達
2021/8/29 05:13,367,64,130,-2,825,780,551,-6,136,78,154,-23,825,1043,737,0,403,40,66,3,580,512,362,9,36312,53.51,64.908,3600,2,馬達
2021/8/29 06:13,378,63,173,-5,866,776,548,-4,181,79,191,-13,908,1071,757,1,410,40,72,6,583,504,357,4,35562,53.53,65.0988,3600,2,馬達
2021/8/29 08:13,401,63,167,-2,878,775,548,-2,160,80,186,-27,904,1081,764,-3,392,40,69,-4,595,511,361,6,35375,53.48,65.2638,3600,2,馬達
2021/8/29 09:13,406,64,138,-3,867,775,548,-2,159,77,162,-17,854,1038,734,0,362,41,61,-10,596,516,365,1,39562,53.6,65.088,3600,2,馬達
2021/8/29 10:13,412,65,144,-5,860,794,561,-2,153,77,143,-15,816,1030,728,0,380,41,60,-6,586,510,361,4,38375,53.49,65.1022,3600,2,馬達
2021/8/29 11:13,393,63,169,0,860,769,543,-5,266,79,163,-20,890,1067,755,1,395,40,67,-12,589,508,359,2,40937,53.52,64.6883,3600,2,馬達
2021/8/29 12:13,403,64,137,1,842,783,553,-4,149,77,165,-24,867,1038,734,-4,382,40,66,-13,585,509,360,8,40812,53.49,64.9331,3600,2,馬達
2021/8/29 13:13,412,64,173,3,854,785,555,0,180,79,169,-17,862,1066,754,0,422,40,71,1,555,503,355,11,40750,53.51,65.1224,3600,2,馬達
2021/8/29 15:13,383,63,157,-7,855,764,540,-4,117,78,154,-21,839,1043,737,0,405,40,65,2,566,507,358,5,40750,53.59,65.8109,3600,2,馬達
2021/8/29 16:13,443,67,165,10,870,812,574,-5,169,79,155,-15,843,1052,744,1,395,41,74,-2,577,512,362,9,40750,53.63,65.6682,3600,2,馬達
2021/8/29 18:13,401,64,151,-8,839,774,547,0,142,78,140,-22,827,1044,738,0,396,40,69,-5,572,512,362,9,40812,53.59,65.5852,3600,2,馬達
2021/8/29 19:13,352,64,167,-9,848,770,545,-7,160,78,172,-18,880,1055,746,1,387,40,71,-10,591,510,361,4,40812,53.59,65.4986,3600,2,馬達
2021/8/29 20:13,391,64,141,-7,832,782,553,-3,131,74,143,-12,789,986,697,-1,385,40,62,-10,566,507,359,2,41000,53.57,65.1384,3600,2,馬達
2021/8/29 21:13,382,65,170,-7,864,787,556,-2,144,78,208,-15,900,1051,743,1,389,40,93,0,592,508,359,7,41000,53.59,64.684,3600,2,馬達
2021/8/29 22:13,379,65,143,-2,827,785,555,-4,147,76,174,-13,841,1023,723,-2,398,41,67,4,586,514,364,9,41000,53.53,65.6213,3600,2,馬達
2021/8/29 23:13,384,65,123,-1,831,795,562,-6,193,76,128,-10,785,1028,727,-2,413,41,70,0,585,518,366,4,41125,53.59,65.4695,3600,2,馬達
2021/8/30 01:13,397,63,160,-1,829,765,541,-9,111,78,169,-12,886,1042,736,-4,359,40,73,-14,570,510,360,7,41187,53.57,65.3141,3600,2,馬達
2021/8/30 02:13,386,63,194,-8,894,773,546,0,263,79,197,-21,900,1058,748,0,397,40,76,-3,593,513,362,9,41187,53.61,65.623,3600,2,馬達
2021/8/30 04:13,384,64,144,-5,860,775,548,-3,211,82,176,-18,899,1091,772,0,379,41,64,-14,596,517,366,2,41250,53.52,64.9563,3600,2,馬達
2021/8/30 05:13,382,64,131,-6,826,775,548,-7,181,79,183,-12,902,1056,747,-2,453,40,66,4,585,514,363,10,41312,53.59,65.6038,3600,2,馬達
2021/8/30 07:13,389,65,139,2,863,801,566,-2,154,79,166,-18,862,1049,742,-2,412,41,74,-6,587,518,366,7,41562,53.59,65.4684,3600,2,馬達
2021/8/30 08:13,406,65,149,7,866,797,563,-4,178,78,147,-18,850,1054,745,-1,438,41,67,-6,601,517,366,8,41437,53.52,65.667,3600,2,馬達
2021/8/30 09:13,417,64,128,2,835,773,546,-6,124,76,140,-21,810,1022,723,0,387,40,68,-8,598,514,363,6,41375,53.57,65.3864,3600,2,馬達
2021/8/30 11:13,392,65,122,5,801,791,559,-3,125,78,140,-19,825,1057,747,-2,422,41,62,14,568,516,365,8,41312,53.57,65.0158,3600,2,馬達
2021/8/30 12:13,382,66,166,0,873,799,565,-6,225,78,197,-17,881,1045,739,-1,426,41,69,0,584,520,367,7,40437,53.58,65.3267,3600,2,馬達
2021/8/30 13:13,364,66,181,-8,902,805,569,-6,136,78,135,-10,832,1059,748,-1,417,41,70,-6,603,517,365,8,40312,53.59,65.1542,3600,2,馬達
2021/8/30 14:13,394,63,163,-2,855,775,547,-4,175,79,204,-22,924,1073,758,-3,394,40,73,0,597,512,362,10,40312,53.55,65.0106,3600,2,馬達
2021/8/30 15:13,389,66,123,3,836,803,568,-2,216,75,132,-10,794,1004,710,0,409,41,68,-11,600,517,366,5,40250,53.64,65.4213,3600,2,馬達
2021/8/30 16:13,425,65,173,-9,879,807,570,1,137,78,173,-18,873,1054,745,-2,376,41,79,-4,616,527,372,5,40250,53.58,65.6234,3600,2,馬達
2021/8/30 16:13,425,65,173,-9,879,807,570,1,137,78,173,-18,873,1054,745,-2,376,41,79,-4,616,527,372,5,40750,53.58,65.6234,3600,2,馬達
2021/8/30 17:13,387,66,153,-3,863,800,566,-4,202,79,154,-16,862,1066,754,0,421,41,72,0,586,512,362,7,40437,53.54,65.3829,3600,2,馬達
2021/8/30 18:13,378,64,151,-5,864,792,560,-2,127,78,166,-25,856,1053,745,0,401,41,70,-7,580,513,363,6,41000,53.6,65.5292,3600,2,馬達
2021/8/30 19:13,350,65,131,-14,842,803,567,-7,132,74,110,-17,733,994,703,0,363,40,64,-5,585,510,361,7,41312,53.61,65.2244,3600,2,馬達
2021/8/30 20:13,399,64,177,-2,861,790,558,-3,153,78,182,-20,869,1060,749,-3,396,40,76,1,575,506,357,8,41375,53.59,65.6254,3600,2,馬達
2021/8/30 21:13,409,65,175,-2,864,791,559,-4,194,80,138,-24,856,1062,751,-1,434,41,68,-3,591,516,365,6,41250,53.66,65.2525,3600,2,馬達
2021/8/30 23:13,389,65,154,-2,848,805,569,-4,147,78,125,-13,801,1057,748,-1,394,41,71,-7,590,517,365,6,41062,53.52,64.8751,3600,2,馬達
2021/8/31 00:13,350,66,150,-4,874,817,577,-5,147,77,136,-18,810,1035,731,0,397,41,75,0,608,521,368,8,41000,53.59,64.6548,3600,2,馬達
2021/8/31 01:13,411,65,164,1,878,799,565,0,169,79,203,-12,910,1071,757,1,406,40,68,0,590,512,362,4,40500,53.57,65.1328,3600,2,馬達
2021/8/31 02:13,399,65,154,6,869,792,560,-3,184,79,160,-20,866,1065,753,0,386,41,73,-7,604,513,362,4,40562,53.63,65.1107,3600,2,馬達
2021/8/31 03:13,361,67,123,-9,837,820,580,-3,145,74,125,-9,742,997,705,0,395,40,62,-6,578,517,365,4,40750,53.57,65.2351,3600,2,馬達
2021/8/31 04:13,395,64,148,3,845,792,560,-7,170,80,159,-16,872,1088,769,0,384,40,70,-10,579,507,358,6,41312,53.6,65.4324,3600,2,馬達
2021/8/31 05:13,402,65,174,2,924,810,573,-7,104,81,183,-24,898,1078,762,-3,397,41,79,-11,614,523,370,7,41125,53.64,64.9906,3600,2,馬達
2021/8/31 06:13,384,65,169,-4,888,799,565,-5,139,80,179,-15,880,1080,763,-3,386,41,68,-3,595,519,367,8,40875,53.66,65.3992,3600,2,馬達
2021/8/31 07:13,392,67,175,-3,932,823,581,-2,244,80,170,-15,868,1083,766,-1,369,41,74,-14,586,520,367,3,40687,53.52,65.3321,3600,2,馬達
2021/8/31 08:13,345,67,117,-2,816,827,584,-10,145,74,101,-10,740,1003,709,-3,406,40,66,1,595,518,366,3,40750,53.56,65.0148,3600,2,馬達
2021/8/31 11:13,400,3,10,-22,57,40,28,27,70,3,9,-15,51,35,25,17,407,3,9,-34,42,37,26,15,41500,0,0,3600,2,馬達
2021/8/31 12:13,437,3,12,-11,64,40,28,25,107,2,9,-8,50,35,25,16,425,3,7,-30,40,36,25,20,40500,0,0,3600,2,馬達
2021/8/31 15:13,396,65,92,-6,818,820,580,1,126,64,65,1,545,839,593,-1,412,38,59,4,580,498,352,3,40687,53.58,64.5996,3600,2,馬達
2021/8/31 16:13,392,65,85,-2,700,806,569,0,154,68,67,0,573,925,654,-4,381,37,56,-8,530,486,343,4,40812,53.54,65.2721,3600,2,馬達
2021/8/31 17:13,417,65,86,-3,713,792,560,-1,137,64,89,-3,598,863,610,-6,358,39,57,-27,548,490,346,2,41437,53.6,65.4504,3600,2,馬達
2021/8/31 18:13,413,68,98,5,767,839,593,-2,85,63,68,-5,555,829,586,-1,426,41,60,-6,565,498,352,9,41500,53.55,65.6614,3600,2,馬達
2021/8/31 19:13,333,71,113,-9,827,866,612,-4,173,63,63,0,558,822,581,-1,393,41,57,-6,584,503,355,12,41437,53.58,65.5468,3600,2,馬達
2021/8/31 20:13,387,68,126,-3,819,848,599,0,126,65,82,-14,614,862,609,0,394,40,67,-18,599,502,355,5,41437,53.6,65.5851,3600,2,馬達
2021/8/31 21:13,373,68,120,-14,808,843,596,0,125,66,101,8,636,881,623,-1,427,40,70,6,594,500,353,6,41000,53.5,65.0108,3600,2,馬達
2021/8/31 22:13,378,68,127,-14,820,847,599,0,170,65,109,-2,620,865,611,-3,410,40,67,-3,582,500,353,7,40937,53.55,65.2774,3600,2,馬達
2021/8/31 23:13,373,67,143,-4,791,832,588,-5,120,65,105,6,613,862,609,-3,401,39,67,-9,565,497,352,7,40437,53.68,66.2289,3600,2,馬達
2021/9/1 00:13,362,67,132,-8,789,833,589,-1,142,65,109,-1,631,873,617,-3,391,39,79,-1,578,493,348,7,40500,53.6,66.0821,3600,2,馬達
2021/9/1 03:13,387,67,106,2,763,822,581,-2,158,68,93,-4,635,911,644,-3,388,39,60,-15,554,491,347,5,40562,53.57,65.2675,3600,2,馬達
2021/9/1 04:13,361,67,132,-10,790,830,587,-7,110,68,104,0,665,925,654,-2,376,39,64,-15,565,496,351,5,40625,53.67,66.0881,3600,2,馬達
2021/9/1 07:13,409,67,138,-8,784,830,587,-4,82,69,136,-7,690,925,654,-1,388,39,79,3,569,499,352,4,40562,53.59,65.2755,3600,2,馬達
2021/9/1 08:13,376,66,131,0,773,815,576,-4,82,68,116,-17,691,921,651,-4,394,38,63,-9,558,492,347,2,40625,53.55,65.793,3600,2,馬達
2021/9/1 11:13,404,67,99,-1,776,832,588,-4,246,68,96,-1,655,921,651,2,366,39,60,-6,564,496,350,4,40812,53.54,65.4485,3600,2,馬達
2021/9/1 12:13,373,66,95,5,755,819,579,-4,122,67,92,-13,646,901,637,-4,406,39,61,-4,560,492,348,4,40937,53.57,65.2842,3600,2,馬達
2021/9/1 13:13,396,66,101,-9,757,813,575,-4,156,68,99,-2,680,904,639,-5,401,39,63,-15,572,496,351,7,41062,53.61,65.9344,3600,2,馬達
2021/9/1 14:13,399,66,117,1,738,819,579,-1,131,68,107,-4,665,914,646,0,400,39,61,0,553,487,344,13,37062,53.5,65.568,3600,2,馬達
2021/9/1 15:13,404,66,116,2,765,814,576,-3,95,69,116,-4,678,917,648,-5,436,39,65,10,560,497,351,13,36875,53.57,66.2204,3600,2,馬達
2021/9/1 17:13,397,65,136,-4,788,804,569,-3,126,74,140,-3,762,1007,712,-4,443,39,82,2,565,488,345,10,36687,53.51,65.8857,3600,2,馬達
2021/9/1 18:13,363,65,109,-6,781,803,568,-4,186,71,113,-6,703,939,663,1,386,39,59,-14,569,491,347,5,36625,53.59,65.6777,3600,2,馬達
2021/9/1 19:13,367,65,163,0,804,805,569,-3,136,71,107,-18,689,937,662,-1,427,38,57,-6,550,488,345,4,36125,53.52,65.3439,3600,2,馬達
2021/9/1 20:13,386,64,159,-4,800,789,558,-5,144,73,149,-13,792,983,694,-1,378,38,63,-7,560,487,344,7,35750,53.55,65.064,3600,2,馬達
2021/9/1 23:13,403,65,176,6,835,794,561,-4,88,73,125,-8,763,974,688,0,417,39,65,2,567,493,348,4,35750,53.53,65.5712,3600,2,馬達
2021/9/2 00:13,341,53,71,-18,795,678,479,-8,180,52,70,-20,730,690,487,-3,363,28,34,-14,408,364,257,-2,35750,0,97.7757,3600,2,馬達
2021/9/2 01:13,316,56,97,-42,1096,730,516,0,180,46,68,-23,749,619,438,0,350,30,46,-26,568,407,287,6,35750,0,97.5349,3600,2,馬達
2021/9/2 02:13,334,57,89,-36,1069,713,504,0,112,44,50,-17,550,566,400,3,366,25,31,-19,382,308,218,2,35812,0,86.042,3600,2,馬達
2021/9/2 03:13,370,49,64,-11,695,608,430,-8,171,50,53,-10,589,663,469,0,418,24,26,-3,313,301,213,-2,35750,0,85.6094,3600,2,馬達
2021/9/2 04:13,370,51,65,-10,682,628,444,-5,113,51,51,-8,497,663,469,0,397,23,21,2,212,280,198,-4,35875,0,85.9325,3600,2,馬達
2021/9/2 05:13,413,58,81,-9,973,729,515,21,197,55,43,-10,351,727,514,0,411,25,21,0,220,308,217,0,41375,0,85.9753,3600,2,馬達
2021/9/2 06:13,339,66,108,-43,1334,884,625,13,220,53,49,-4,443,705,498,6,431,27,30,4,346,345,244,4,41125,0,86.1631,3600,2,馬達
2021/9/2 07:13,325,66,111,-43,1351,885,626,12,109,52,55,-3,441,694,491,0,407,27,28,-3,340,351,248,4,41000,0,86.0238,3600,2,馬達
2021/9/2 08:13,354,49,61,-6,604,592,419,-10,97,49,50,-9,515,641,453,1,383,23,22,-11,219,275,194,-5,40687,0,85.4211,3600,2,馬達
2021/9/2 09:12,375,3,10,-25,53,38,27,20,100,3,9,-17,65,42,29,15,404,3,8,-31,48,39,27,19,40687,0,85.2533,3600,2,馬達
2021/9/2 10:13,349,63,90,-19,860,828,585,1,130,58,69,-5,534,766,542,-3,381,35,52,-5,543,470,332,22,40687,53.81,0,3600,2,馬達
2021/9/2 11:12,358,53,40,-17,285,692,489,-2,100,52,35,-15,280,657,464,-4,369,28,38,-10,197,375,265,2,40937,53.71,0,3600,2,馬達
2021/9/2 12:12,351,55,48,-18,459,731,517,0,88,53,44,-6,307,684,483,-3,373,28,38,-10,209,373,264,11,40875,53.64,64.1688,3600,2,馬達
2021/9/2 13:12,380,58,68,-8,705,774,547,2,147,57,40,0,397,764,540,-5,392,31,37,3,361,407,288,11,40812,53.63,63.9243,3600,2,馬達
2021/9/2 15:13,335,62,78,-15,844,818,579,4,65,59,57,3,488,790,559,-1,369,33,47,-7,464,444,314,14,41062,53.7,64.5891,3600,2,馬達
2021/9/2 16:13,384,62,93,-8,794,792,560,2,60,59,86,-12,549,775,548,1,400,36,52,-2,531,477,337,19,41125,53.7,64.4322,3600,2,馬達
2021/9/2 17:13,371,64,78,-7,767,794,561,-1,104,60,61,-8,540,782,552,5,364,37,54,-10,549,482,340,11,41500,53.69,64.7708,3600,2,馬達
2021/9/2 19:13,398,63,89,-3,696,752,532,-5,158,65,84,-9,635,854,604,-1,372,38,53,-13,520,480,339,5,41562,53.73,63.8102,3600,2,馬達
2021/9/2 20:12,399,62,97,0,694,741,524,-2,174,68,105,-18,682,892,631,0,381,38,56,-3,529,486,344,6,41500,53.65,64.0557,3600,2,馬達
2021/9/2 22:13,368,60,130,0,747,725,512,-9,144,74,151,-15,833,1005,710,4,394,39,70,-6,541,495,350,0,41375,53.64,64.6421,3600,2,馬達
2021/9/2 23:12,420,60,122,7,725,719,508,-5,123,75,132,-20,801,1009,713,1,379,39,57,-2,530,497,351,4,41437,53.68,64.4963,3600,2,馬達
2021/9/3 00:13,390,59,140,-4,744,707,499,-5,156,76,168,-16,855,1019,720,0,374,39,64,-9,532,493,348,5,41437,53.68,64.2211,3600,2,馬達
2021/9/3 01:12,408,60,155,-4,760,713,504,-3,185,75,163,-18,845,1005,711,1,386,39,70,-2,531,493,348,0,40937,53.7,64.3417,3600,2,馬達
2021/9/3 02:12,412,59,130,-1,743,707,500,-2,126,75,151,-21,819,1001,708,4,412,39,60,0,513,495,350,5,40875,53.72,64.2965,3600,2,馬達
2021/9/3 04:22,389,60,130,-6,739,728,515,-4,135,75,159,-24,844,1014,717,2,380,39,76,-8,554,497,351,5,40687,53.63,64.0273,3600,2,馬達
2021/9/3 05:13,363,61,131,-4,753,733,518,-8,152,75,140,-17,833,1012,715,1,426,40,71,0,558,496,351,10,40562,53.68,64.2122,3600,2,馬達
2021/9/3 07:12,446,62,127,8,746,738,522,-7,180,77,144,-19,837,1037,733,6,382,39,66,-9,540,492,347,4,40500,53.71,64.2276,3600,2,馬達
2021/9/3 09:12,402,61,124,1,736,731,517,-5,147,77,137,-14,823,1037,733,5,381,39,72,-13,535,495,350,5,40250,53.65,63.5524,3600,2,馬達
2021/9/3 10:12,419,61,155,-1,765,731,516,-5,139,77,145,-24,837,1034,731,2,425,39,67,-2,537,493,349,8,40250,53.65,63.4935,3600,2,馬達
2021/9/3 11:12,413,61,153,4,764,749,529,-10,163,77,145,-23,841,1041,736,3,447,40,72,0,545,503,355,8,40187,53.59,63.8775,3600,2,馬達
2021/9/3 12:12,383,61,149,-3,754,721,510,-9,242,77,162,-23,843,1034,731,3,387,39,64,-8,528,498,352,6,40625,53.7,63.9655,3600,2,馬達
2021/9/3 13:12,405,61,127,3,719,731,517,-4,175,77,155,-10,852,1031,729,3,392,40,66,-6,535,497,351,1,40687,53.62,64.0748,3600,2,馬達
2021/9/3 14:12,373,61,154,2,755,740,523,-5,186,77,181,-15,892,1035,732,0,389,40,72,-10,556,506,358,5,40875,53.65,64.4265,3600,2,馬達
2021/9/3 15:13,397,61,146,10,741,736,520,-5,171,76,183,-17,884,1022,722,1,386,40,67,-9,538,503,355,3,40937,53.65,64.3111,3600,2,馬達
2021/9/3 16:13,391,61,185,6,791,748,528,-10,232,77,212,-12,907,1035,731,0,368,40,75,-9,557,508,359,8,40937,53.7,63.6065,3600,2,馬達
2021/9/3 19:12,394,62,149,-2,737,741,524,-11,153,75,148,-18,837,1017,719,1,380,39,66,-7,545,503,356,6,41000,53.73,64.1863,3600,2,馬達
2021/9/3 20:13,384,62,134,-5,730,748,528,-6,242,76,172,-8,872,1016,718,5,377,39,72,-7,550,499,352,3,40937,53.7,64.3058,3600,2,馬達
2021/9/3 21:12,397,61,164,6,771,735,520,-9,261,78,169,-21,866,1043,737,3,393,39,66,-13,528,494,349,3,40750,53.68,64.2432,3600,2,馬達
2021/9/3 23:12,417,62,142,1,752,742,525,-6,201,76,136,-14,827,1025,724,2,384,40,60,-5,545,503,355,4,40875,53.67,63.8023,3600,2,馬達
2021/9/4 00:12,417,63,86,-2,780,770,544,-2,136,64,79,-9,643,853,603,-2,352,39,59,-16,600,508,359,4,43937,53.23,63.5126,3600,2,馬達
2021/9/4 02:12,410,3,10,-12,49,37,26,24,79,2,8,-4,50,35,24,19,400,3,9,-39,37,35,25,20,43687,0,0,3600,2,馬達
2021/9/4 03:13,394,3,9,-1,51,38,26,28,128,2,10,6,52,35,25,20,422,3,7,-34,39,37,26,18,39312,0,0,3600,2,馬達
2021/9/4 04:12,396,3,11,-11,52,38,26,23,58,2,9,9,54,36,25,20,403,3,9,-33,41,37,26,19,40812,0,0,3600,2,馬達
2021/9/4 05:12,374,3,10,-15,55,38,27,23,56,3,8,-2,55,38,27,15,388,3,8,-37,40,38,26,18,40812,0,0,3600,2,馬達
2021/9/4 06:12,385,3,11,-11,51,37,25,29,79,2,10,-6,54,36,25,15,396,3,8,-35,41,37,26,16,40687,0,0,3600,2,馬達
2021/9/4 07:12,404,3,9,-3,55,39,27,21,47,2,10,0,54,36,25,15,384,3,8,-40,39,37,26,19,40625,0,0,3600,2,馬達
2021/9/4 08:12,382,3,9,-12,54,39,27,25,81,3,9,0,57,38,26,10,399,3,7,-26,43,38,27,14,41062,0,0,3600,2,馬達
2021/9/4 09:12,383,3,10,-6,54,39,27,24,61,3,9,0,54,37,26,15,413,3,8,-31,42,38,26,17,41062,0,0,3600,2,馬達
2021/9/4 10:12,395,3,12,-10,56,39,27,27,94,3,10,-8,58,38,27,15,396,3,7,-35,40,37,26,16,40750,0,0,3600,2,馬達
2021/9/4 11:12,361,3,10,-15,56,39,27,22,90,2,9,-1,53,36,25,14,418,3,7,-33,39,37,26,20,40875,0,0,3600,2,馬達
2021/9/4 12:12,387,3,10,-11,52,38,26,23,65,3,11,-3,62,39,27,15,383,3,7,-29,44,38,27,16,40750,0,0,3600,2,馬達
2021/9/4 13:12,392,3,10,-3,51,37,26,27,65,2,8,12,55,38,27,19,403,3,7,-32,42,37,26,15,40437,0,0,3600,2,馬達
2021/9/4 15:12,391,3,9,-8,52,38,26,27,73,2,9,4,54,37,26,12,428,3,7,-26,38,37,26,15,37812,0,0,3600,2,馬達
2021/9/4 16:12,386,3,10,-12,54,37,26,25,46,3,10,0,58,38,26,21,419,3,8,-27,41,37,26,16,37437,0,0,3600,2,馬達
2021/9/4 17:12,387,3,9,-11,49,37,26,32,66,3,9,-12,55,37,26,19,389,3,7,-32,39,37,26,17,36500,0,0,3600,2,馬達
2021/9/4 18:12,382,3,10,-8,51,38,26,27,81,2,10,-6,57,37,26,16,403,3,7,-32,36,36,25,17,36375,0,0,3600,2,馬達
2021/9/4 19:12,424,3,11,-12,55,38,27,26,42,2,9,-9,52,36,26,18,412,3,9,-29,43,36,26,17,36312,0,0,3600,2,馬達
2021/9/4 21:12,401,3,8,-2,48,37,26,27,148,3,9,0,60,39,27,19,426,3,6,-26,40,38,26,20,35750,0,0,3600,2,馬達
2021/9/5 00:12,407,3,11,-9,62,40,28,24,77,2,10,-4,57,37,26,17,402,3,7,-31,42,37,26,16,35812,0,0,3600,2,馬達
2021/9/5 01:12,387,3,9,-5,56,39,27,23,87,3,9,-4,56,38,26,18,428,3,7,-29,43,38,27,15,35875,0,0,3600,2,馬達
2021/9/5 02:12,390,3,10,-5,55,39,27,25,60,2,9,-9,54,37,26,14,389,3,7,-36,39,37,26,15,35937,0,0,3600,2,馬達
2021/9/5 03:12,436,3,12,-6,63,40,28,22,70,3,9,-4,57,37,26,19,413,3,9,-32,44,38,26,15,35937,0,0,3600,2,馬達
2021/9/5 08:12,367,3,12,-15,59,38,26,26,64,2,9,-11,56,37,26,17,413,3,9,-30,42,37,26,16,36000,0,0,3600,2,馬達
2021/9/5 09:12,418,3,12,-9,62,40,28,25,82,3,9,-3,60,38,27,11,406,3,9,-33,43,37,26,15,40187,0,0,3600,2,馬達
2021/9/5 10:12,402,3,9,-9,53,38,26,25,105,2,10,-4,55,36,25,18,397,3,7,-34,37,36,25,18,40500,0,0,3600,2,馬達
2021/9/5 11:12,395,3,11,-4,55,38,27,27,98,2,10,1,57,37,26,19,405,3,7,-21,42,37,26,16,40812,0,0,3600,2,馬達
2021/9/5 12:12,380,3,13,-19,59,38,26,22,57,2,9,-6,57,37,26,13,409,3,8,-24,41,37,26,14,40812,0,0,3600,2,馬達
2021/9/5 13:12,399,3,11,-11,59,39,27,27,63,2,8,-6,54,37,26,18,375,3,6,-30,39,37,26,16,40875,0,0,3600,2,馬達
2021/9/5 14:12,389,3,9,-13,56,39,27,21,72,2,11,-4,55,36,25,18,418,3,8,-27,40,37,25,17,40875,0,0,3600,2,馬達
2021/9/5 15:12,396,3,11,-10,56,38,26,26,109,3,9,-4,53,36,25,19,385,3,7,-38,37,36,25,14,41000,0,0,3600,2,馬達
2021/9/5 16:12,366,3,10,-13,55,39,27,25,53,2,9,-5,53,36,25,15,429,3,7,-34,39,37,26,15,41062,0,0,3600,2,馬達
2021/9/5 17:12,391,3,10,-1,53,38,27,28,79,3,10,-4,59,38,26,16,424,3,7,-30,43,37,26,13,41062,0,0,3600,2,馬達
2021/9/5 18:12,417,3,12,0,60,39,27,26,60,3,8,-5,51,38,27,14,397,3,8,-26,41,36,25,17,40937,0,0,3600,2,馬達
2021/9/5 20:12,407,3,11,-6,57,39,27,30,98,2,9,-2,54,36,25,20,401,3,8,-32,40,36,26,18,41000,0,0,3600,2,馬達
2021/9/5 21:12,380,3,12,-10,57,38,26,25,101,2,9,0,50,35,25,18,434,3,9,-23,41,37,26,20,40937,0,0,3600,2,馬達
2021/9/5 23:12,381,3,12,-8,59,39,28,22,51,2,9,-3,54,36,26,19,417,3,8,-30,41,37,26,15,40812,0,0,3600,2,馬達
2021/9/6 01:12,399,3,13,-6,60,39,27,26,54,2,9,-2,54,36,25,17,409,3,8,-31,42,37,25,15,40812,0,0,3600,2,馬達
2021/9/6 02:12,405,3,11,-2,56,39,28,27,74,2,9,-5,55,37,26,15,432,3,8,-27,41,37,26,17,41187,0,0,3600,2,馬達
2021/9/6 03:12,380,3,12,-10,57,39,27,21,118,2,9,-4,54,36,26,16,386,3,7,-32,40,37,26,23,41000,0,0,3600,2,馬達
2021/9/6 04:12,381,3,10,-7,53,38,27,28,49,2,10,4,56,37,26,23,431,3,6,-29,39,37,26,19,41062,0,0,3600,2,馬達
2021/9/6 05:12,400,3,8,-11,50,38,26,24,93,2,10,-3,55,37,26,17,408,3,8,-30,42,38,26,22,41250,0,0,3600,2,馬達
2021/9/6 06:12,414,3,11,-3,58,39,27,22,69,3,9,-7,52,36,25,12,428,3,7,-29,39,36,26,15,41250,0,0,3600,2,馬達
2021/9/6 08:12,405,3,11,-11,58,39,27,24,79,2,11,2,55,36,25,14,405,3,9,-31,42,37,26,15,41250,0,0,3600,2,馬達
2021/9/6 11:12,400,3,11,-7,55,38,27,27,49,2,8,-6,51,37,26,13,409,3,8,-27,40,37,26,15,41312,0,0,3600,2,馬達
2021/9/6 12:12,424,3,9,-6,51,38,27,27,65,2,9,-8,53,37,26,13,417,3,7,-26,38,36,25,17,41437,0,0,3600,2,馬達
2021/9/6 13:12,411,3,10,-13,58,40,28,26,95,2,10,-4,55,37,26,19,420,3,7,-27,40,37,26,18,41375,0,0,3600,2,馬達
2021/9/6 15:12,408,3,9,-4,50,37,26,31,89,2,9,0,52,36,25,16,392,3,7,-29,40,37,26,20,41312,0,0,3600,2,馬達
2021/9/6 16:12,428,63,125,5,789,785,555,-1,187,65,110,6,617,849,600,2,413,38,56,-5,533,484,342,11,41312,0,0,3600,2,馬達
2021/9/6 17:12,398,65,97,-2,648,799,565,-5,197,69,87,-6,563,899,636,1,376,39,59,-3,493,506,358,6,41437,53.83,0,3600,2,馬達
2021/9/6 18:12,394,60,81,-3,668,755,534,-7,123,60,66,-18,564,780,552,-2,371,37,53,-15,526,492,348,4,41312,53.83,0,3600,2,馬達
2021/9/6 19:12,342,60,85,-6,722,783,554,-5,89,59,91,-9,565,783,553,0,355,36,57,-10,539,478,338,13,41250,53.81,0,3600,2,馬達
2021/9/6 20:12,381,61,82,-3,768,810,573,4,142,58,67,-8,551,776,549,2,390,36,54,0,546,483,341,16,40437,53.83,0,3600,2,馬達
2021/9/6 21:12,392,60,74,-3,745,766,541,1,113,57,60,-9,536,745,527,0,382,35,52,-8,539,474,335,15,40437,53.78,0,3600,2,馬達
2021/9/6 22:12,478,68,69,4,717,761,538,0,119,62,65,5,560,769,544,-4,442,41,52,0,542,485,343,10,40375,53.85,0,3600,2,馬達
2021/9/6 23:12,417,67,79,16,702,749,530,-6,228,63,67,-9,569,789,558,0,457,42,53,2,525,489,346,2,40625,53.89,0,3600,2,馬達
2021/9/7 00:12,415,66,89,1,662,732,518,-7,249,65,70,-11,594,818,578,3,415,42,54,-9,525,483,341,4,40750,53.84,0,3600,2,馬達
2021/9/7 03:12,393,60,116,-3,698,718,507,-13,149,73,146,-16,777,970,686,1,414,38,59,-8,509,474,335,7,40625,53.86,0,3600,2,馬達
2021/9/7 04:12,380,61,106,-10,692,725,513,-10,83,73,134,-16,751,965,682,2,378,38,64,-7,524,479,339,5,40687,53.83,0,3600,2,馬達
2021/9/7 05:12,385,60,141,-6,709,710,502,-12,90,76,160,-25,828,1007,712,3,388,38,70,-10,529,486,343,1,39875,53.88,0,3600,2,馬達
2021/9/7 07:12,382,63,77,-2,676,755,533,-6,152,62,64,-10,559,805,569,1,372,39,51,-12,504,496,351,4,40500,53.78,0,3600,2,馬達
2021/9/7 08:12,383,62,95,0,680,757,535,-8,171,67,104,-7,659,892,630,1,362,39,55,-11,526,492,348,3,40687,53.8,0,3600,2,馬達
2021/9/7 09:12,374,61,85,11,660,752,531,-8,233,66,99,-4,655,880,623,2,371,38,57,-14,519,495,350,2,40687,53.85,0,3600,2,馬達
2021/9/7 10:12,369,61,93,0,670,746,527,-9,119,66,89,-13,632,882,623,1,394,38,58,-8,516,489,346,5,41250,53.79,0,3600,2,馬達
2021/9/7 11:12,350,62,104,0,689,762,539,-10,99,66,86,-15,636,884,625,0,377,39,56,-10,524,490,346,6,41250,53.84,0,3600,2,馬達
2021/9/7 12:12,395,60,144,4,737,731,517,-8,136,76,211,-27,876,1017,719,2,395,37,72,0,526,479,338,2,41187,53.89,0,3600,2,馬達
2021/9/7 13:12,366,60,124,-9,704,737,521,-8,111,75,146,-21,785,1008,713,0,374,38,61,-2,504,473,334,3,41312,53.83,0,3600,2,馬達
2021/9/7 14:12,372,59,161,4,749,737,521,-11,185,74,174,-15,834,1000,707,2,371,38,69,-10,517,486,343,1,41375,53.8,0,3600,2,馬達
2021/9/7 15:12,387,60,143,-4,720,722,510,-10,174,75,164,-19,814,1003,709,1,390,39,63,-5,514,486,344,2,40062,53.81,0,3600,2,馬達
2021/9/7 16:12,410,59,132,4,698,719,508,-8,148,75,162,-22,813,999,707,-1,381,39,63,0,510,482,341,0,39187,53.83,0,3600,2,馬達
2021/9/7 17:12,392,61,131,7,701,726,513,-8,184,75,149,-18,802,999,706,1,360,39,67,-10,515,487,344,2,38375,53.84,0,3600,2,馬達
2021/9/7 18:12,408,60,106,1,677,712,504,-9,120,75,133,-17,798,993,702,2,387,39,63,0,516,485,343,2,36250,53.79,0,3600,2,馬達
2021/9/7 19:12,405,60,140,-4,701,715,505,-7,129,75,173,-18,837,1005,710,-2,402,39,66,0,515,491,347,3,36125,53.78,0,3600,2,馬達
2021/9/7 20:12,402,59,152,2,722,714,505,-6,143,75,203,-31,877,1010,714,2,418,39,65,-3,518,493,349,2,36187,53.85,0,3600,2,馬達
2021/9/7 21:12,412,60,145,9,707,713,504,-9,126,74,161,-23,831,991,701,1,413,39,63,-4,511,492,348,4,36187,53.8,0,3600,2,馬達
2021/9/7 23:12,385,60,148,-6,732,726,513,-9,130,75,162,-21,836,1006,711,0,394,39,72,-1,530,496,351,4,36250,53.81,0,3600,2,馬達
2021/9/8 00:12,374,60,141,-6,713,725,513,-11,159,75,160,-18,849,1013,716,3,359,39,69,-12,525,489,346,-2,36312,53.78,0,3600,2,馬達
2021/9/8 01:12,398,60,132,-1,711,714,505,-11,205,75,128,-25,807,1001,708,5,402,39,66,-8,527,488,345,1,36187,53.83,0,3600,2,馬達
2021/9/8 02:12,377,60,162,2,749,719,509,-4,129,75,181,-20,856,1006,712,1,388,39,64,-9,524,494,349,1,36187,53.77,0,3600,2,馬達
2021/9/8 03:12,413,60,117,-1,686,706,499,-5,99,75,155,-26,821,998,706,5,397,39,62,-11,505,487,344,0,36000,53.81,0,3600,2,馬達
2021/9/8 04:12,391,60,123,3,701,715,506,-12,143,74,156,-21,814,994,702,4,390,39,59,-12,512,497,351,3,40875,53.74,0,3600,2,馬達
2021/9/8 05:12,366,60,118,0,682,708,500,-9,185,74,146,-9,806,994,703,6,387,39,56,-10,498,482,341,4,40875,53.85,0,3600,2,馬達
2021/9/8 06:12,413,60,141,-4,733,723,511,-8,152,76,177,-23,854,1011,714,5,398,39,66,-5,529,498,352,8,41312,53.85,0,3600,2,馬達
2021/9/8 07:12,394,60,150,-1,738,715,506,-10,168,75,162,-26,819,1000,707,-1,390,39,62,-8,525,499,353,3,41437,53.81,0,3600,2,馬達
2021/9/8 08:12,369,61,137,-6,715,722,510,-6,264,75,152,-16,826,1009,714,-1,365,40,59,-15,525,498,352,0,41250,53.74,0,3600,2,馬達
2021/9/8 09:12,368,61,148,-5,736,734,519,-8,172,75,147,-23,823,1011,714,4,384,39,61,-1,531,499,353,3,41062,53.78,0,3600,2,馬達
2021/9/8 10:12,363,60,145,-5,730,725,513,-8,176,74,190,-20,853,991,701,1,421,39,69,-6,525,497,351,3,40875,53.74,0,3600,2,馬達
2021/9/8 11:12,398,61,143,-5,742,737,521,-9,163,75,159,-18,831,1008,712,3,400,40,71,-11,533,503,355,5,40937,53.72,65.5432,3600,2,馬達
2021/9/8 12:12,358,61,140,0,726,739,522,-13,147,75,160,-16,822,998,706,1,379,39,64,-17,533,500,353,-1,41000,53.8,66.0724,3600,2,馬達
2021/9/8 13:12,390,60,157,-2,758,739,522,-8,288,75,169,-12,843,1011,715,3,373,39,73,-11,532,500,353,0,41000,53.75,65.9328,3600,2,馬達
2021/9/8 15:12,373,61,148,0,729,730,516,-11,148,75,181,-17,859,1006,711,3,367,39,70,-3,534,493,348,2,41062,53.72,65.7376,3600,2,馬達
2021/9/8 16:12,386,60,144,1,736,730,516,-6,190,75,168,-14,835,1008,713,3,382,39,68,-8,538,500,353,4,41125,53.74,65.6701,3600,2,馬達
2021/9/8 17:12,386,61,140,-17,713,733,518,-6,127,75,165,-16,847,1011,715,1,386,39,65,-12,519,491,347,2,41375,53.75,66.3861,3600,2,馬達
2021/9/8 18:12,394,60,141,-8,724,736,520,-4,239,75,188,-18,878,1001,708,1,370,39,67,-14,530,494,349,3,41250,53.8,65.731,3600,2,馬達
2021/9/8 19:12,398,61,132,-1,724,734,519,-3,197,74,164,-8,837,999,706,2,373,40,64,-5,529,502,355,0,41125,53.78,66.2816,3600,2,馬達
2021/9/8 20:12,389,61,113,0,692,745,527,-8,147,76,161,-13,846,1009,713,1,387,39,60,-6,518,500,354,2,41437,53.77,66.2436,3600,2,馬達
2021/9/8 21:12,362,61,133,-1,712,755,534,-9,279,76,179,-11,847,1017,719,2,371,40,70,-7,531,501,354,2,41437,53.8,66.2139,3600,2,馬達
2021/9/8 22:12,389,60,140,0,728,736,520,-8,200,76,149,-15,829,1021,722,6,390,39,68,-3,536,497,351,4,41437,53.78,65.7904,3600,2,馬達
2021/9/8 23:12,429,60,143,-1,716,718,508,-4,186,75,174,-7,831,998,705,3,402,40,66,0,526,505,357,6,41312,53.84,66.445,3600,2,馬達
2021/9/9 00:12,410,61,123,-2,706,726,513,-6,198,74,144,-15,819,1002,708,3,374,39,62,-17,523,497,351,1,41500,53.87,66.6322,3600,2,馬達
2021/9/9 01:12,396,60,113,-3,680,704,497,-9,179,75,133,-22,783,990,700,5,375,39,56,-9,497,491,347,5,41562,53.84,66.1778,3600,2,馬達
2021/9/9 02:12,408,60,148,5,728,730,516,-6,174,76,161,-24,836,1010,714,3,400,39,66,0,523,495,350,0,41375,53.76,65.5832,3600,2,馬達
2021/9/9 03:12,380,60,149,0,738,721,510,-6,164,75,147,-15,828,1002,708,5,375,40,64,-17,534,501,354,5,41375,53.77,65.922,3600,2,馬達
2021/9/9 04:12,428,61,147,6,732,736,520,-5,181,74,146,-26,830,996,704,-1,384,40,61,-10,526,503,356,3,41375,53.71,66,3600,2,馬達
2021/9/9 05:12,380,61,119,-11,706,734,519,-7,153,75,151,-14,836,999,706,6,405,40,60,-2,525,502,355,2,41437,53.77,66.3612,3600,2,馬達
2021/9/9 07:12,377,61,131,9,723,740,523,-8,133,75,140,-13,809,1005,710,3,376,40,60,-13,534,509,360,2,41437,53.8,65.448,3600,2,馬達
2021/9/9 08:12,368,60,149,0,737,734,519,-11,236,75,156,-16,833,1006,711,4,375,40,68,-2,525,504,356,3,41437,53.74,65.8842,3600,2,馬達
2021/9/9 09:12,358,61,139,0,733,746,528,-9,158,77,143,-12,824,1023,723,2,402,39,68,-5,533,499,353,2,41375,53.72,65.546,3600,2,馬達
2021/9/9 10:12,405,61,169,-1,782,729,515,-7,173,75,164,-14,827,1002,708,0,369,40,68,8,526,503,356,4,41062,53.72,65.9947,3600,2,馬達
2021/9/9 11:12,384,59,131,-2,707,717,507,-10,170,75,153,-19,833,1008,713,0,367,40,67,-2,522,497,351,0,41000,53.78,65.9761,3600,2,馬達
2021/9/9 12:12,414,61,141,3,743,739,522,-4,184,75,154,-15,826,1008,713,4,425,40,58,-1,511,505,357,7,41062,53.8,65.8339,3600,2,馬達
2021/9/9 13:12,392,60,122,-3,701,733,518,-6,150,75,172,-21,860,1017,719,2,366,39,65,-5,536,504,356,3,41062,53.8,66.4545,3600,2,馬達
2021/9/9 14:12,402,61,147,10,727,737,521,-6,191,75,125,-9,790,1007,712,5,380,40,65,-13,523,503,355,4,40687,53.75,65.892,3600,2,馬達
2021/9/9 15:12,416,60,144,3,723,726,513,-10,193,75,174,-9,835,1012,716,3,352,40,65,-10,523,501,354,2,40625,53.78,65.5905,3600,2,馬達
2021/9/9 16:12,408,61,142,7,720,722,510,-5,263,76,181,-21,856,1006,711,5,383,39,64,-11,528,495,350,5,40812,53.7,66.3896,3600,2,馬達
2021/9/9 19:12,373,60,132,-1,705,727,514,-2,175,74,152,-10,825,998,705,6,374,40,63,-5,536,508,359,3,40812,53.74,66.2879,3600,2,馬達
2021/9/9 20:12,412,61,122,-5,706,723,511,-6,164,75,129,-13,801,1005,711,0,368,40,58,-12,516,503,355,3,40562,53.82,66.3261,3600,2,馬達
2021/9/9 21:12,417,60,135,7,717,728,515,-7,310,74,145,-17,819,998,705,5,402,40,63,-11,525,501,354,3,40625,53.79,65.601,3600,2,馬達
2021/9/9 23:12,411,60,128,3,720,728,514,-7,202,74,162,-9,828,986,697,4,392,40,62,-13,521,499,353,6,40687,53.72,66.0999,3600,2,馬達
2021/9/10 00:12,375,60,124,-2,703,726,513,-10,225,74,163,-12,815,988,698,2,407,39,61,-6,512,498,352,1,41125,53.79,65.5968,3600,2,馬達
2021/9/10 01:12,406,60,124,-2,707,707,500,-4,125,75,166,-15,855,993,702,2,386,40,65,-11,532,503,355,4,41000,53.74,65.3067,3600,2,馬達
2021/9/10 02:12,412,60,130,7,707,726,513,-8,150,75,156,-23,836,1010,714,3,364,40,61,-17,527,504,356,0,41375,53.73,66.0917,3600,2,馬達
2021/9/10 03:12,380,61,137,-7,722,731,517,-10,182,75,164,-24,846,998,706,2,408,40,69,-6,544,511,361,3,41125,53.74,65.7136,3600,2,馬達
2021/9/10 04:12,400,61,137,9,723,718,508,-9,265,76,181,-8,858,1003,709,3,376,39,68,-12,531,497,351,2,41062,53.81,66.1022,3600,2,馬達
2021/9/10 05:12,405,60,147,2,715,733,518,-8,210,75,168,-12,839,989,699,3,372,39,59,-8,517,503,355,1,41125,53.74,65.9009,3600,2,馬達
2021/9/10 06:12,402,61,139,1,737,741,523,-4,197,76,164,-21,852,1020,721,4,402,40,63,-9,533,509,359,1,41187,53.78,66.1158,3600,2,馬達
2021/9/10 07:12,411,60,136,0,711,713,504,-4,164,75,172,-23,843,990,700,2,351,39,59,-12,525,502,355,3,41125,53.81,66.7482,3600,2,馬達
2021/9/10 08:12,404,60,125,-6,678,708,500,-5,214,76,156,-17,835,1012,715,0,413,40,68,-5,527,503,355,0,41187,53.85,66.2234,3600,2,馬達
2021/9/10 09:12,414,60,123,-1,723,733,518,-6,167,74,148,-18,824,994,703,1,361,40,62,-12,540,513,363,2,40812,53.77,65.7183,3600,2,馬達
2021/9/10 10:12,410,60,126,3,704,735,519,-6,279,75,152,-22,837,1007,712,4,379,40,58,-11,524,503,356,2,40812,53.74,65.5259,3600,2,馬達
2021/9/10 11:12,363,59,112,0,691,723,511,-10,150,75,135,-20,830,1018,720,2,368,40,56,-9,535,509,359,5,40750,53.78,66.0119,3600,2,馬達
2021/9/10 12:12,390,59,138,-2,723,723,511,-9,138,75,141,-15,838,1008,713,0,373,40,66,-5,542,505,357,1,40687,53.76,65.6658,3600,2,馬達
2021/9/10 13:12,395,60,134,4,740,736,521,-5,291,76,132,-13,824,1018,719,6,382,40,57,-8,539,511,361,3,40687,53.77,65.2946,3600,2,馬達
2021/9/10 15:12,401,60,144,-2,740,728,514,-7,111,75,144,-18,825,1004,710,3,396,40,64,-3,533,504,357,7,40750,53.74,66.5202,3600,2,馬達
2021/9/10 16:12,397,61,174,0,751,732,517,-8,135,76,160,-18,852,1016,718,5,439,40,66,0,536,506,357,8,40750,53.72,65.6287,3600,2,馬達
2021/9/10 17:12,386,60,146,-13,724,723,511,-5,165,76,142,-17,821,1011,715,4,421,40,58,-2,517,503,355,4,40812,53.68,65.8306,3600,2,馬達
2021/9/10 18:12,391,60,126,-2,711,726,513,-11,133,75,146,-12,834,1007,712,2,378,40,60,-9,533,506,358,4,40937,53.79,66.0671,3600,2,馬達
2021/9/10 19:12,400,60,130,5,716,707,500,-6,178,76,157,-19,843,1018,720,3,384,40,61,-9,531,507,358,4,41000,53.81,66.2444,3600,2,馬達
2021/9/10 20:12,395,61,129,0,710,721,510,-3,142,76,164,-13,835,1000,707,3,403,40,63,-9,520,501,354,6,41562,53.83,66.0018,3600,2,馬達
2021/9/10 21:12,415,61,105,4,672,721,509,-9,175,76,116,-23,819,1024,724,4,391,40,65,-6,533,505,357,5,41562,53.8,66.1698,3600,2,馬達
2021/9/10 22:12,397,61,131,-2,730,729,516,-8,233,76,172,-10,844,1016,718,3,401,40,60,-7,544,510,360,11,41687,53.81,65.8548,3600,2,馬達
2021/9/10 23:12,379,60,128,-2,715,732,517,-1,180,75,163,-14,871,1025,725,2,393,40,61,-4,530,508,359,4,40875,53.74,65.9443,3600,2,馬達
2021/9/11 00:12,416,60,121,2,706,725,512,-4,270,75,139,-20,818,1014,717,6,399,40,60,-1,523,505,357,4,40875,53.79,65.6751,3600,2,馬達
2021/9/11 01:12,408,59,101,-5,671,704,498,-7,282,76,136,-16,824,1021,722,4,388,40,57,-6,519,504,357,1,40937,53.8,66.5798,3600,2,馬達
2021/9/11 02:12,435,61,123,-3,702,714,505,-5,142,76,140,-19,806,1017,719,5,397,39,60,-7,513,502,355,3,41000,53.79,65.89,3600,2,馬達
2021/9/11 03:12,425,60,126,0,685,705,498,-8,161,76,165,-18,834,1020,721,5,371,40,62,-10,518,509,360,1,40937,53.85,66.8415,3600,2,馬達
2021/9/11 04:12,387,60,110,-2,691,715,506,-7,269,75,129,-19,801,1004,710,2,374,40,56,-5,519,510,360,5,41062,53.83,66.6363,3600,2,馬達
2021/9/11 05:12,404,60,119,-6,710,725,513,-3,168,77,130,-15,806,1031,729,2,415,40,55,-4,527,508,359,5,41312,53.78,65.9196,3600,2,馬達
2021/9/11 07:12,400,61,120,0,716,737,521,-3,200,77,144,-19,829,1030,728,3,389,41,59,-5,531,514,363,3,40937,53.76,65.4298,3600,2,馬達
2021/9/11 08:12,392,61,122,-3,726,730,516,-5,175,77,149,-15,841,1030,728,3,427,41,62,2,544,513,363,8,40937,53.74,66.1855,3600,2,馬達
2021/9/11 09:12,394,60,119,0,706,721,510,-5,337,76,164,-11,852,1017,719,6,388,40,62,-9,532,507,358,8,41125,53.82,66.523,3600,2,馬達
2021/9/11 10:12,393,61,121,0,717,740,523,-6,154,77,153,-11,856,1030,728,4,387,40,61,-3,534,508,359,3,41375,53.77,65.6682,3600,2,馬達
2021/9/11 11:12,394,61,125,0,714,738,522,-10,228,76,154,-22,867,1022,723,1,395,40,60,-7,545,509,360,2,41437,53.74,65.3697,3600,2,馬達
2021/9/11 12:12,395,61,126,-1,713,731,517,-3,145,76,157,-20,853,1032,730,5,357,40,60,-10,529,505,357,0,41500,53.78,65.887,3600,2,馬達
2021/9/11 13:12,389,61,134,-2,720,738,521,0,134,78,154,-22,843,1042,737,2,370,40,65,-12,539,510,361,5,41375,53.74,65.6558,3600,2,馬達
2021/9/11 14:12,356,61,141,-5,751,739,523,-10,124,76,156,-19,863,1023,723,2,393,40,66,-12,550,506,357,4,41187,53.74,65.6748,3600,2,馬達
2021/9/11 15:12,389,60,123,-2,719,720,509,-6,192,75,173,-15,852,1000,707,1,382,40,67,-8,529,500,353,3,41187,53.76,65.8933,3600,2,馬達
2021/9/11 16:12,347,60,123,2,691,718,507,-10,132,76,175,-21,859,1020,721,1,369,40,64,-9,526,504,356,0,41187,53.84,66.0556,3600,2,馬達
2021/9/11 17:12,385,60,137,-7,734,729,515,-9,151,77,163,-21,865,1033,730,0,394,40,66,-5,546,509,360,2,41187,53.79,66.2484,3600,2,馬達
2021/9/11 18:12,377,60,129,0,722,726,513,-8,212,77,154,-20,853,1028,727,6,406,39,61,-9,536,501,354,2,41187,53.72,65.8004,3600,2,馬達
2021/9/11 19:12,375,60,151,1,748,742,525,-7,168,76,144,-22,833,1031,729,2,383,40,60,-10,534,502,355,3,41062,53.76,64.6693,3600,2,馬達
2021/9/11 20:12,380,61,179,0,792,742,525,-12,199,77,167,-13,863,1022,723,2,389,40,70,-2,546,511,361,0,41187,53.77,65.9568,3600,2,馬達
2021/9/11 21:12,397,61,123,-9,713,732,517,-4,162,78,171,-19,888,1031,729,2,362,40,70,-11,554,511,361,2,41312,53.74,65.8749,3600,2,馬達
2021/9/11 23:12,416,60,132,4,739,723,511,-2,260,76,140,-10,840,1024,724,2,388,40,68,-1,556,512,362,6,41187,53.74,65.7425,3600,2,馬達
2021/9/12 00:12,410,61,166,-6,776,733,518,-6,247,77,151,-14,851,1024,724,3,406,40,69,-15,544,510,360,4,41125,53.73,65.3051,3600,2,馬達
2021/9/12 01:12,370,60,150,0,731,712,503,-10,187,76,187,-19,859,1019,720,5,377,40,67,-9,523,504,357,3,41187,53.73,65.5858,3600,2,馬達
2021/9/12 02:12,378,62,163,-6,784,750,530,-4,170,77,149,-22,836,1022,723,3,391,40,68,-5,551,516,365,2,41250,53.69,65.2541,3600,2,馬達
2021/9/12 03:12,393,62,152,-4,771,753,532,-6,245,77,175,-15,895,1045,739,6,424,40,71,-2,555,518,366,8,41125,53.76,66.0377,3600,2,馬達
2021/9/12 04:12,392,61,130,-6,736,731,516,-6,137,76,162,-14,861,1019,720,5,400,40,62,-7,550,516,365,3,41125,53.81,65.7114,3600,2,馬達
2021/9/12 05:12,399,62,124,-4,750,743,525,-5,104,77,154,-19,863,1032,730,0,395,41,67,-11,568,519,367,4,41062,53.68,65.16,3600,2,馬達
2021/9/12 06:12,396,60,124,-2,719,728,515,-8,144,77,160,-21,860,1038,734,4,379,40,64,-15,541,515,364,4,41062,53.72,65.456,3600,2,馬達
2021/9/12 07:12,379,60,137,-1,737,729,516,-6,216,77,155,-13,847,1025,725,6,380,40,67,-13,545,502,355,-1,41062,53.75,64.9996,3600,2,馬達
2021/9/12 08:12,381,62,190,-7,800,750,530,-4,183,77,153,-28,851,1040,735,3,409,40,71,-6,554,513,362,5,41000,53.7,65.8327,3600,2,馬達
2021/9/12 09:12,385,61,171,-2,784,740,523,-5,142,77,163,-17,848,1040,735,4,387,41,67,-7,550,516,365,4,41187,53.68,65.801,3600,2,馬達
2021/9/12 10:12,395,61,133,0,706,723,511,-3,185,76,155,-16,846,1012,715,3,384,40,60,-4,535,510,360,2,41375,53.77,66.0298,3600,2,馬達
2021/9/12 11:12,397,61,122,-6,717,740,524,-10,203,77,155,-14,845,1032,730,4,413,40,59,-2,530,509,360,6,41250,53.74,66.3793,3600,2,馬達
2021/9/12 12:12,389,61,120,1,708,718,507,-8,119,77,128,-19,805,1027,726,7,430,40,59,2,515,509,360,3,41062,53.75,66.2589,3600,2,馬達
2021/9/12 13:12,399,60,122,-1,711,724,512,-9,258,77,148,-21,841,1035,731,4,383,40,61,-14,538,511,361,2,41062,53.77,66.3561,3600,2,馬達
2021/9/12 15:12,446,61,138,1,744,738,522,-3,131,77,171,-21,863,1031,729,2,416,40,65,-5,535,504,356,4,41187,53.77,66.1058,3600,2,馬達
2021/9/12 16:12,399,61,143,0,740,743,525,-4,220,76,168,-14,869,1024,724,4,412,40,69,-2,544,505,357,1,40625,53.79,66.2867,3600,2,馬達
2021/9/12 17:12,409,61,164,-1,773,736,520,-5,191,78,191,-12,894,1052,744,4,378,40,70,-10,555,517,365,0,40937,53.7,65.7185,3600,2,馬達
2021/9/12 18:12,400,60,139,0,733,736,520,-8,150,77,151,-21,833,1035,732,1,381,40,76,-10,555,511,361,2,41000,53.83,66.3303,3600,2,馬達
2021/9/12 19:12,404,61,139,3,725,736,520,-5,228,77,135,-18,837,1028,727,3,383,40,64,-12,540,514,363,2,40937,53.76,66.0871,3600,2,馬達
2021/9/12 20:12,378,61,144,3,748,739,523,-4,137,76,137,-14,822,1014,717,1,407,40,63,-11,543,513,363,2,40750,53.77,65.3977,3600,2,馬達
2021/9/12 21:12,402,61,129,-2,712,750,530,-5,172,77,156,-21,841,1031,729,1,375,40,63,-7,529,510,361,4,40750,53.79,65.8005,3600,2,馬達
2021/9/12 22:12,427,60,147,2,746,729,515,-4,174,76,185,-17,873,1038,734,1,406,41,72,3,552,518,366,8,40812,53.73,66.0018,3600,2,馬達
2021/9/12 23:12,392,63,140,6,757,773,546,-3,175,77,167,-22,846,1031,729,2,384,41,69,-15,555,518,366,0,40937,53.85,66.1268,3600,2,馬達
2021/9/13 00:12,397,61,177,5,794,742,525,-5,210,77,182,-15,877,1034,731,5,392,40,81,-1,561,510,360,3,41125,53.75,66.0716,3600,2,馬達
2021/9/13 03:12,416,61,146,4,718,730,516,-7,180,76,161,-14,856,1030,728,3,426,40,66,-5,531,509,360,6,41062,53.8,66.4961,3600,2,馬達
2021/9/13 04:12,425,63,109,2,704,745,527,-7,158,77,143,-20,829,1032,730,1,372,41,64,-2,547,519,367,7,41062,53.86,66.7473,3600,2,馬達
2021/9/13 05:12,383,62,133,0,751,746,527,-5,239,77,157,-16,839,1036,732,3,389,40,61,2,540,517,365,4,41250,53.8,66.7437,3600,2,馬達
2021/9/13 07:12,392,62,144,-1,750,751,531,-9,152,76,145,-7,818,1020,721,2,403,40,61,-6,533,512,362,5,41250,53.81,65.7082,3600,2,馬達
2021/9/13 08:12,385,62,150,-3,758,751,531,-7,194,76,161,-15,842,1026,725,2,390,41,74,-2,561,521,368,1,41500,53.74,66.0342,3600,2,馬達
2021/9/13 09:12,406,62,143,10,742,751,531,-9,256,76,166,-16,846,1027,726,2,384,41,72,-4,551,516,364,6,41000,53.76,65.9996,3600,2,馬達
2021/9/13 10:12,374,62,127,1,731,759,536,-7,185,77,179,-15,877,1048,741,3,387,40,65,-3,539,517,366,5,40937,53.69,65.3525,3600,2,馬達
2021/9/13 11:12,405,61,168,-2,761,732,517,-4,134,75,180,-15,865,1013,716,3,394,40,71,0,526,503,355,5,40812,53.79,66.0805,3600,2,馬達
2021/9/13 12:12,375,63,139,6,754,761,537,-11,167,77,150,-18,845,1032,730,2,371,41,64,-9,557,520,367,6,40687,53.67,65.8994,3600,2,馬達
2021/9/13 14:12,374,61,184,-4,766,746,528,-6,184,76,146,-22,840,1024,724,-2,386,40,70,0,543,516,364,8,40625,53.7,65.2569,3600,2,馬達
2021/9/13 15:12,352,61,118,1,725,739,522,-10,221,76,146,-19,834,1016,718,1,374,40,57,-3,541,515,364,4,40687,53.7,65.186,3600,2,馬達
2021/9/13 16:12,396,62,123,10,752,763,539,-8,235,77,169,-13,849,1039,734,5,384,41,58,-8,544,513,362,3,40625,53.65,65.5973,3600,2,馬達
2021/9/13 17:12,381,62,131,-7,745,754,533,-3,248,77,148,-17,854,1045,739,5,377,40,62,-6,552,515,364,6,40812,53.69,65.5555,3600,2,馬達
2021/9/13 18:12,409,62,127,3,742,747,528,-3,141,76,150,-21,829,1010,714,1,393,40,64,5,546,510,361,1,40687,53.62,65.2381,3600,2,馬達
2021/9/13 19:12,388,62,107,3,738,755,534,-7,151,77,187,-20,882,1027,726,0,393,40,59,-4,543,512,362,2,41562,53.66,65.3206,3600,2,馬達
2021/9/13 20:12,434,62,144,2,751,752,531,-5,171,77,135,-23,823,1034,731,0,397,40,73,4,547,509,359,1,41625,53.69,65.7158,3600,2,馬達
2021/9/13 21:12,373,62,177,2,772,757,535,-10,131,77,165,-10,845,1042,736,1,396,40,68,-2,552,515,364,3,41125,53.72,65.8862,3600,2,馬達
2021/9/13 23:12,384,63,141,-6,761,756,534,-7,154,76,149,-20,830,1019,721,2,370,40,69,-3,560,510,360,6,41437,53.71,65.869,3600,2,馬達
2021/9/14 00:12,416,64,154,1,744,775,548,-7,135,78,179,-20,875,1043,737,-1,367,41,68,-10,551,516,364,4,41187,53.75,65.8825,3600,2,馬達
2021/9/14 01:12,366,61,180,-5,780,745,527,-9,226,75,132,-21,813,1018,719,1,435,40,78,10,544,511,361,4,41000,53.71,65.1681,3600,2,馬達
2021/9/14 02:12,389,61,127,-6,757,743,525,-5,147,76,157,-19,832,1029,728,1,389,40,63,-7,533,510,360,1,41000,53.74,65.0219,3600,2,馬達
2021/9/14 03:12,381,62,140,8,752,749,529,-5,132,76,169,-26,867,1016,718,0,410,40,69,0,559,515,364,10,40937,53.7,65.6247,3600,2,馬達
2021/9/14 04:12,408,61,154,2,766,749,530,-6,154,76,205,-24,891,1025,724,0,374,40,73,-8,548,516,364,1,40937,53.76,65.7733,3600,2,馬達
2021/9/14 05:12,404,62,151,5,781,755,534,-6,159,77,157,-13,847,1026,725,2,400,40,64,6,561,517,365,6,41187,53.69,65.7499,3600,2,馬達
2021/9/14 06:12,424,62,156,4,760,745,527,-5,238,76,198,-7,880,1027,726,4,393,40,72,-6,554,516,365,6,41250,53.68,65.832,3600,2,馬達
2021/9/14 07:12,377,63,151,-11,750,763,539,-5,153,77,163,-18,846,1032,729,2,406,40,64,0,542,513,363,7,41187,53.75,65.5629,3600,2,馬達
2021/9/14 08:12,383,63,183,-5,803,761,538,-11,143,77,197,-21,895,1036,732,1,381,41,71,-8,559,520,368,7,41062,53.74,65.436,3600,2,馬達
2021/9/14 09:12,380,61,125,3,726,745,527,-13,81,76,167,-18,847,1021,722,0,379,40,60,-16,535,509,360,1,41062,53.68,65.6092,3600,2,馬達
2021/9/14 10:12,395,61,139,9,736,745,527,-4,213,76,144,-19,837,1019,720,0,434,40,57,1,530,507,358,9,41062,53.66,65.5069,3600,2,馬達
2021/9/14 11:12,385,61,106,-4,712,742,524,-7,238,76,143,-18,840,1016,718,1,392,40,58,-1,540,510,361,5,41125,53.63,65.4658,3600,2,馬達
2021/9/14 12:12,417,61,116,10,720,738,521,-6,221,76,161,-23,860,1040,735,1,373,40,56,-3,544,512,362,4,41062,53.7,65.4591,3600,2,馬達
2021/9/14 13:12,417,62,150,-1,731,751,531,1,99,75,142,-15,807,1013,716,0,395,40,67,2,542,515,364,7,20,53.66,65.1744,3600,2,馬達
2021/9/14 15:12,412,62,145,3,737,742,524,-6,181,76,129,-21,817,1029,728,1,389,39,64,-10,530,503,355,5,41312,53.69,65.5105,3600,2,馬達
2021/9/14 16:12,394,62,133,4,730,741,524,-4,134,77,154,-17,850,1033,730,-1,395,40,58,-2,541,512,362,7,41312,53.7,65.591,3600,2,馬達
2021/9/14 17:12,388,61,135,0,733,739,522,-9,247,76,140,-15,813,1031,729,3,363,40,58,-9,529,510,360,0,41250,53.76,65.3383,3600,2,馬達
2021/9/14 18:12,400,61,149,0,744,733,518,-3,95,76,160,-18,840,1013,716,0,391,40,64,-5,531,507,359,7,41312,53.73,65.7914,3600,2,馬達
2021/9/14 19:12,393,62,138,-2,709,750,530,-5,162,77,158,-13,835,1035,732,2,391,40,67,-7,531,515,364,5,41250,53.72,65.6544,3600,2,馬達
2021/9/14 20:12,400,61,154,0,736,738,522,-5,217,75,144,-20,821,1008,713,0,407,41,69,2,538,518,366,7,41187,53.72,65.3403,3600,2,馬達
2021/9/14 21:12,385,62,134,6,732,745,527,-13,153,76,177,-15,866,1021,722,2,365,40,67,-5,541,516,365,4,41437,53.7,65.723,3600,2,馬達
2021/9/14 22:12,392,61,137,-4,725,731,517,-9,178,76,169,-9,861,1026,725,1,373,40,64,-5,532,515,364,4,41437,53.65,65.4323,3600,2,馬達
2021/9/14 23:12,420,62,147,-5,736,751,531,-7,76,76,160,-20,839,1019,721,0,378,41,67,-10,538,521,369,3,41437,53.79,65.1664,3600,2,馬達
2021/9/15 00:12,355,53,83,-28,823,665,470,-3,152,49,76,-24,784,648,458,2,340,31,42,-7,520,406,287,2,41312,0,96.8928,3600,2,馬達
2021/9/15 02:12,348,50,65,-13,723,637,450,-7,84,52,63,-20,677,701,495,-4,344,26,30,-22,370,334,236,-7,41187,0,92.0527,3600,2,馬達
2021/9/15 03:12,378,54,76,-8,822,685,484,5,100,53,53,-7,503,697,493,2,385,24,22,-5,197,308,218,-6,41125,0,92.0626,3600,2,馬達
2021/9/15 04:12,419,59,87,-9,1022,776,548,13,175,54,39,-19,402,728,515,-1,352,25,20,-1,199,319,225,-17,41000,0,92.4124,3600,2,馬達
2021/9/15 05:12,322,52,80,-32,896,655,463,-4,96,46,70,-27,762,614,434,-3,334,29,43,-36,542,389,275,1,41000,0,92.2081,3600,2,馬達
2021/9/15 07:12,367,49,64,-12,704,627,443,-7,117,53,60,-12,662,706,499,0,355,26,30,-10,361,339,240,-4,41312,0,92.0347,3600,2,馬達
2021/9/15 08:12,389,56,73,-13,874,726,513,9,96,53,49,-2,448,721,510,0,361,24,16,-2,167,307,217,-5,41250,0,91.8625,3600,2,馬達
2021/9/15 09:12,343,61,88,-22,1083,800,566,14,113,54,44,-4,437,734,519,4,358,25,25,16,280,331,234,-18,41125,0,92.2043,3600,2,馬達
2021/9/15 10:12,366,65,107,-33,1296,857,606,13,140,52,54,-5,539,690,488,3,442,33,34,-3,423,375,265,-3,41062,0,92.2084,3600,2,馬達
2021/9/15 11:12,367,72,116,-21,1373,959,678,18,225,54,68,-8,598,724,512,0,343,30,39,-17,475,403,284,-6,41000,0,92.0035,3600,2,馬達
2021/9/15 12:12,365,49,64,-14,727,619,438,-12,194,52,66,-22,720,699,494,-7,350,27,34,-16,431,356,252,-3,41000,0,92.092,3600,2,馬達
2021/9/15 13:12,336,49,67,-3,734,626,443,-18,103,54,63,-6,709,733,518,0,354,27,32,-14,402,349,247,0,41187,0,92.3207,3600,2,馬達
2021/9/15 14:12,368,50,68,-14,742,636,450,-4,91,55,63,-10,701,735,519,-5,363,26,31,-17,397,349,247,2,40937,0,91.6393,3600,2,馬達
2021/9/15 15:12,400,3,13,-11,58,38,27,26,90,2,10,2,52,35,25,23,394,3,9,-31,39,36,25,25,40750,0,0,3600,2,馬達
2021/9/15 16:12,369,54,85,-9,629,728,515,1,128,60,64,-21,422,823,582,-2,406,30,33,3,324,401,283,18,40812,53.44,0,3600,2,馬達
2021/9/15 19:12,402,61,79,-5,833,808,571,2,84,58,59,5,627,795,562,0,389,37,54,-3,611,504,356,25,40937,53.54,0,3600,2,馬達
2021/9/15 20:12,390,65,73,-10,785,793,561,0,111,59,60,-3,628,769,543,2,414,42,53,-6,608,518,366,11,40937,53.51,0,3600,2,馬達
2021/9/15 21:12,354,64,77,-16,810,803,567,0,146,61,61,6,639,815,576,5,377,41,56,-14,625,522,369,13,41125,53.48,0,3600,2,馬達
2021/9/15 23:12,370,64,74,-3,800,794,561,1,142,62,68,-1,647,820,580,-1,392,41,56,-16,622,519,367,9,41125,53.45,0,3600,2,馬達
2021/9/16 00:12,396,64,77,-9,794,788,557,-2,180,62,63,5,640,813,575,0,396,41,55,-10,623,524,370,14,41062,53.53,0,3600,2,馬達
2021/9/16 01:12,367,65,80,-7,798,794,561,0,115,64,67,-9,660,838,593,-4,394,41,56,-8,621,524,371,14,41000,53.48,0,3600,2,馬達
2021/9/16 02:12,396,64,75,-12,764,778,550,-3,156,63,76,-3,655,834,590,0,388,41,56,-12,621,522,369,4,41062,53.47,0,3600,2,馬達
2021/9/16 03:12,375,64,78,-2,761,775,548,-1,96,64,76,-5,670,847,599,-1,369,40,56,-18,612,510,361,3,41062,53.45,0,3600,2,馬達
2021/9/16 04:12,357,63,76,-2,747,770,545,-4,141,66,78,-3,669,873,617,3,397,40,55,-8,594,510,360,10,40937,53.48,0,3600,2,馬達
2021/9/16 05:12,421,64,76,-11,798,784,554,2,85,64,65,0,655,842,595,2,391,41,55,-11,618,523,370,9,40875,53.5,0,3600,2,馬達
2021/9/16 06:12,394,65,85,-6,822,798,564,-4,150,65,81,-4,671,872,617,-6,381,41,57,-10,636,525,371,11,40812,53.45,0,3600,2,馬達
2021/9/16 07:12,394,63,78,-9,776,770,544,-1,175,65,84,-9,683,864,611,2,363,40,58,-16,621,516,365,10,41250,53.53,0,3600,2,馬達
2021/9/16 08:12,388,65,74,-4,773,791,559,-5,50,66,73,-4,662,868,614,2,373,40,55,-17,607,520,367,5,41250,53.5,0,3600,2,馬達
2021/9/16 09:12,392,64,84,-3,780,781,552,-1,133,67,79,-7,687,899,635,0,424,40,57,-8,626,518,366,9,41250,53.44,0,3600,2,馬達
2021/9/16 10:12,427,63,80,-5,773,759,536,-2,160,69,89,-7,697,918,649,0,376,40,58,-17,614,519,366,7,41437,53.47,0,3600,2,馬達
2021/9/16 11:12,361,63,91,-13,762,761,538,-3,174,65,94,-4,698,863,610,0,368,40,64,-19,625,522,368,4,41250,53.4,0,3600,2,馬達
2021/9/16 12:12,369,65,84,-9,793,789,557,-3,128,63,82,2,675,829,586,0,404,41,63,-14,633,526,372,6,41187,53.35,0,3600,2,馬達
2021/9/16 13:12,380,62,78,-7,781,758,536,0,204,64,72,-7,688,850,601,0,379,40,59,-13,632,519,367,3,41125,53.3,0,3600,2,馬達
2021/9/16 15:12,385,62,95,-8,762,755,534,-1,148,66,100,-4,714,886,626,-1,381,40,62,-15,621,519,367,10,40687,53.35,0,3600,2,馬達
2021/9/16 16:12,363,63,91,-10,772,771,545,-2,135,67,80,-10,700,901,637,1,392,40,64,-9,632,518,366,5,40500,53.34,0,3600,2,馬達
2021/9/16 17:12,397,62,101,2,768,743,525,-6,176,69,110,-5,746,914,646,-1,378,40,67,-13,630,515,364,5,40687,53.41,0,3600,2,馬達
2021/9/16 18:12,394,62,99,-3,761,752,531,-4,135,68,98,-6,720,910,643,2,396,40,62,-6,604,512,362,5,40687,53.33,0,3600,2,馬達
2021/9/16 19:12,369,63,91,-1,775,756,534,-1,167,67,80,-1,717,893,631,5,381,40,61,-11,619,509,360,6,40687,53.35,0,3600,2,馬達
2021/9/16 20:12,379,62,87,-4,750,758,536,-5,127,66,104,-2,705,865,612,1,395,40,63,-7,612,514,363,9,40625,53.35,0,3600,2,馬達
2021/9/16 21:12,401,63,94,-8,793,766,541,-2,121,66,86,-5,720,886,627,1,384,40,65,-16,639,517,365,7,41000,53.41,0,3600,2,馬達
2021/9/16 22:12,360,63,89,-3,774,773,547,-6,156,67,99,-4,722,899,635,0,374,41,64,-13,633,526,372,6,41000,53.37,0,3600,2,馬達
2021/9/16 23:12,405,64,90,-1,769,772,546,-4,146,67,93,-10,710,898,635,-1,391,40,66,-15,622,514,363,5,40937,53.41,0,3600,2,馬達
2021/9/17 00:12,407,63,89,-3,755,772,546,-3,97,68,90,-3,715,912,644,-2,353,40,60,-7,609,516,365,4,40937,53.43,0,3600,2,馬達
2021/9/17 01:12,415,63,104,-1,791,762,539,-6,165,68,122,-1,751,900,636,-3,366,40,69,-10,641,520,368,3,41500,53.31,0,3600,2,馬達
2021/9/17 02:12,369,62,102,-10,769,757,535,-2,132,68,94,-16,720,905,640,0,411,40,64,-7,609,509,360,6,41437,53.39,0,3600,2,馬達
2021/9/17 03:12,386,63,83,2,760,780,552,-7,183,66,99,5,703,879,621,3,391,40,58,-14,622,515,364,10,41187,53.36,0,3600,2,馬達
2021/9/17 04:12,364,63,104,-5,778,776,548,-7,188,66,99,0,711,892,630,3,356,40,66,-17,628,516,365,7,41000,53.29,0,3600,2,馬達
2021/9/17 05:12,389,64,117,-6,800,780,551,-3,225,69,93,5,725,926,655,0,386,40,62,-10,623,517,365,7,41125,53.43,0,3600,2,馬達
2021/9/17 07:12,391,64,93,-5,787,775,548,-4,200,68,84,-4,699,905,640,0,363,40,60,-12,619,518,366,4,40937,53.53,0,3600,2,馬達
2021/9/17 08:12,402,64,93,-9,782,794,561,-6,141,67,92,-3,703,886,627,-2,343,40,61,-14,617,519,367,2,41187,53.4,0,3600,2,馬達
2021/9/17 09:12,361,63,90,-9,772,773,547,-6,180,67,89,-2,722,894,632,1,384,40,59,-9,605,518,366,7,41312,53.36,0,3600,2,馬達
2021/9/17 10:12,364,64,85,-7,780,787,556,-5,81,68,92,1,735,904,639,1,374,40,56,-22,628,518,366,6,41375,53.29,0,3600,2,馬達
2021/9/17 11:12,381,64,94,-7,795,783,553,-4,218,69,87,2,725,914,646,4,403,41,62,-9,643,523,369,3,41375,53.32,0,3600,2,馬達
2021/9/17 12:12,383,64,94,-3,775,780,552,-2,177,68,93,-3,733,920,650,-1,359,40,63,-12,625,510,360,5,41437,53.31,0,3600,2,馬達
2021/9/17 13:12,374,63,103,-3,764,764,540,-4,258,70,98,2,755,940,665,6,369,40,66,-20,630,521,368,5,41125,53.31,0,3600,2,馬達
2021/9/17 14:12,404,63,94,9,780,765,540,-3,170,71,95,-8,744,941,665,6,372,40,60,-11,616,505,357,4,41062,53.31,0,3600,2,馬達
2021/9/17 15:12,343,63,85,-3,771,771,545,-4,154,69,98,-14,715,914,646,4,359,40,62,-20,628,513,363,5,41187,53.31,0,3600,2,馬達
2021/9/17 16:12,416,62,95,-1,738,760,537,-3,163,68,112,-9,736,913,646,3,398,40,60,-11,598,507,358,5,41250,53.36,0,3600,2,馬達
2021/9/17 17:12,365,62,101,8,770,764,540,-8,162,68,97,-10,717,899,636,-3,354,40,68,-17,620,510,360,5,41250,53.36,0,3600,2,馬達
2021/9/17 18:12,385,63,87,-6,765,764,540,-7,142,71,111,-9,756,950,671,3,406,40,63,-8,623,516,365,6,41125,53.27,0,3600,2,馬達
2021/9/17 19:12,382,61,82,-8,726,750,530,-6,192,72,96,-7,760,964,681,0,416,39,55,-9,583,500,354,10,41125,53.41,0,3600,2,馬達
2021/9/17 20:12,375,62,101,6,759,753,532,-3,167,69,90,-4,727,925,654,4,399,40,65,-1,617,514,364,6,41500,53.36,0,3600,2,馬達
2021/9/17 21:12,372,64,96,5,779,786,556,-2,191,72,102,0,751,955,675,3,340,40,62,-23,625,515,364,4,41250,53.31,0,3600,2,馬達
2021/9/17 23:12,387,63,91,2,770,778,550,-3,231,71,87,-5,724,943,667,1,400,40,63,-6,617,516,365,2,41187,53.36,0,3600,2,馬達
2021/9/18 00:12,380,63,86,1,744,773,547,0,92,76,126,-15,829,1028,727,1,421,40,65,-3,599,509,360,7,41250,53.35,0,3600,2,馬達
2021/9/18 01:12,365,62,101,-3,780,753,532,-5,141,71,114,-11,763,949,671,-1,373,40,64,-13,613,514,363,3,41437,53.43,0,3600,2,馬達
2021/9/18 02:12,359,64,107,-6,783,775,548,-3,206,70,100,-6,728,934,660,0,417,41,68,-9,631,523,370,7,41375,53.38,0,3600,2,馬達
2021/9/18 03:12,384,62,97,-2,763,758,536,-4,234,72,98,0,739,962,680,0,389,40,64,-15,607,507,358,4,41250,53.41,0,3600,2,馬達
2021/9/18 04:12,386,64,103,-3,778,777,549,-7,191,71,98,-2,751,959,678,0,416,41,61,-11,621,519,367,5,41187,53.36,0,3600,2,馬達
2021/9/18 05:12,415,64,82,1,758,778,549,-3,162,71,101,-16,748,953,674,2,372,40,55,-12,613,513,363,6,41187,53.36,0,3600,2,馬達
2021/9/18 06:12,383,63,109,2,764,766,542,-2,283,74,124,-12,774,994,703,2,371,40,62,-13,608,518,366,7,41125,53.39,0,3600,2,馬達
2021/9/18 07:12,427,62,103,0,775,762,539,1,115,71,106,-11,759,944,668,5,392,40,66,-10,602,510,360,5,41187,53.4,0,3600,2,馬達
2021/9/18 08:12,403,62,116,1,786,752,532,-7,92,70,94,-11,743,937,662,0,381,40,70,-13,617,512,362,4,41125,53.39,0,3600,2,馬達
2021/9/18 09:12,412,63,86,3,752,760,537,-6,210,76,128,-1,838,1026,726,5,370,40,59,-8,610,515,364,3,41125,53.29,0,3600,2,馬達
2021/9/18 10:12,376,62,118,3,785,749,529,-6,124,73,98,-7,774,975,689,1,398,40,70,-9,617,512,362,0,41250,53.32,0,3600,2,馬達
2021/9/18 11:12,418,63,94,3,794,778,550,-6,193,70,100,-1,754,925,654,3,393,41,63,-7,643,524,370,10,41187,53.32,0,3600,2,馬達
2021/9/18 12:12,397,63,88,-2,766,765,541,-4,174,71,95,-9,763,956,676,3,384,40,59,-7,627,511,361,7,41187,53.31,0,3600,2,馬達
2021/9/18 13:12,415,63,88,1,773,771,545,-5,195,74,108,-12,791,992,701,4,402,41,56,-5,628,513,362,5,41062,53.33,0,3600,2,馬達
2021/9/18 15:12,361,62,104,-2,745,753,532,0,180,75,123,0,815,1004,710,2,387,40,62,-11,604,503,356,3,41312,53.42,0,3600,2,馬達
2021/9/18 16:12,395,63,107,2,762,762,539,-4,214,75,115,-20,806,998,706,0,397,40,66,-11,612,507,358,4,41000,53.3,0,3600,2,馬達
2021/9/18 17:12,391,62,108,8,778,757,535,-8,255,78,116,-16,831,1036,733,5,390,40,68,-8,626,509,360,8,41062,53.35,0,3600,2,馬達
2021/9/18 18:12,407,62,99,3,760,743,526,-7,255,77,147,-10,861,1048,741,7,379,40,60,-15,610,508,359,3,41062,53.46,0,3600,2,馬達
2021/9/18 19:11,456,62,96,6,741,746,527,-3,185,79,116,-16,848,1061,750,5,387,39,64,-5,598,497,351,10,41125,53.39,0,3600,2,馬達
2021/9/18 21:12,382,63,117,-5,795,779,551,-2,258,75,108,-2,816,1010,714,4,409,40,69,-10,627,516,365,5,41187,53.33,0,3600,2,馬達
2021/9/18 22:11,373,64,117,5,831,773,546,-4,263,76,111,-8,790,1013,716,5,366,40,64,-10,639,514,363,3,41125,53.36,0,3600,2,馬達
2021/9/18 23:11,393,63,100,5,768,762,538,-2,230,78,138,-10,863,1048,741,-1,401,40,61,-10,605,514,363,5,41312,53.37,0,3600,2,馬達
2021/9/19 00:11,402,62,110,4,788,756,534,-2,201,76,121,-15,829,1031,729,8,393,41,67,-14,631,523,370,4,41000,53.43,0,3600,2,馬達
2021/9/19 03:11,406,62,133,0,812,741,524,-5,310,78,141,-10,860,1043,737,4,381,40,72,-20,623,506,358,1,40937,53.37,0,3600,2,馬達
2021/9/19 05:11,373,64,123,-2,807,773,546,-7,138,77,132,-19,842,1033,730,2,443,41,69,-5,626,513,362,4,41062,53.32,0,3600,2,馬達
2021/9/19 07:12,413,62,111,3,788,758,536,-7,132,76,117,-15,816,1017,719,5,414,40,67,1,603,501,354,3,41062,53.42,0,3600,2,馬達
2021/9/19 08:11,399,63,112,4,778,764,540,-1,146,79,130,-21,867,1057,747,3,374,40,66,-2,606,511,361,4,41125,53.37,0,3600,2,馬達
2021/9/19 09:11,371,62,113,-5,788,755,533,-3,233,79,144,-22,890,1056,747,0,375,40,70,-16,627,512,362,2,41187,53.36,0,3600,2,馬達
2021/9/19 10:12,409,61,104,10,790,739,523,-11,192,78,142,-23,887,1057,748,0,403,40,70,-2,633,510,360,4,41062,53.36,0,3600,2,馬達
2021/9/19 11:11,399,62,122,0,826,757,535,-3,198,78,130,-7,871,1050,742,0,369,40,67,-20,642,514,363,4,41312,53.37,0,3600,2,馬達
2021/9/19 12:11,366,62,107,-9,777,757,535,-4,272,78,129,-8,857,1051,743,5,393,40,72,-7,632,514,363,7,41312,53.36,0,3600,2,馬達
2021/9/19 13:11,378,63,103,-7,797,765,541,-5,147,77,113,-16,829,1034,731,2,372,40,67,-9,622,513,363,1,41375,53.4,0,3600,2,馬達
2021/9/19 14:12,386,62,109,-2,771,752,532,-8,227,79,128,-16,871,1063,752,2,383,41,64,-10,614,512,362,5,41187,53.44,0,3600,2,馬達
2021/9/19 15:11,386,62,112,-3,766,749,530,-5,201,76,126,-8,836,1015,718,6,395,40,66,-10,614,510,361,6,41312,53.4,0,3600,2,馬達
2021/9/19 16:11,376,61,103,-4,773,749,530,0,189,78,138,-14,877,1044,738,1,366,40,59,-19,617,510,361,4,41500,53.41,0,3600,2,馬達
2021/9/19 17:11,416,63,104,10,769,755,534,-3,307,76,137,-18,844,1011,715,3,394,41,69,-8,629,526,372,4,41000,53.43,0,3600,2,馬達
2021/9/19 18:11,418,62,105,-2,763,744,526,-2,222,79,149,-13,897,1070,757,4,416,40,60,-12,615,510,361,6,40937,53.3,0,3600,2,馬達
2021/9/19 19:11,384,62,116,1,809,761,538,-4,168,79,144,-18,869,1061,750,4,413,40,68,-5,635,514,363,7,41125,53.37,0,3600,2,馬達
2021/9/19 20:11,366,62,109,2,763,751,530,-9,217,75,126,-8,834,1008,713,4,424,40,71,-7,617,514,364,6,41187,53.28,0,3600,2,馬達
2021/9/19 21:11,391,63,99,0,790,774,547,-2,113,79,132,-19,884,1066,754,1,390,41,65,-16,641,523,370,4,41125,53.32,0,3600,2,馬達
2021/9/19 23:11,401,63,133,-2,844,775,548,-5,177,77,134,-17,866,1037,733,4,361,41,75,-16,641,525,371,1,41187,53.37,0,3600,2,馬達
2021/9/20 00:11,372,61,112,-5,782,756,534,-6,228,77,136,-22,865,1038,734,2,400,40,71,-15,627,510,361,8,41250,53.4,0,3600,2,馬達
2021/9/20 01:11,385,62,125,-4,797,758,536,-7,237,78,131,-11,856,1048,741,9,396,40,69,-9,617,512,361,2,41250,53.39,0,3600,2,馬達
2021/9/20 02:11,385,63,108,7,777,766,542,-11,153,80,136,-24,913,1077,762,3,386,40,68,-4,615,515,363,6,41125,53.29,0,3600,2,馬達
2021/9/20 03:11,399,64,112,8,810,777,549,-6,208,78,130,-16,868,1047,740,5,373,40,68,-11,638,518,366,3,41125,53.37,0,3600,2,馬達
2021/9/20 04:11,415,62,119,7,833,759,537,-5,255,78,149,-13,893,1037,733,7,380,41,66,-6,636,514,363,7,41062,53.29,0,3600,2,馬達
2021/9/20 05:11,405,62,119,-2,790,750,530,-5,150,79,121,-18,860,1060,750,4,384,40,78,-2,625,515,364,1,41250,53.31,0,3600,2,馬達
2021/9/20 06:11,434,63,107,1,811,773,547,-2,225,79,138,-22,893,1063,752,5,368,40,62,-15,635,516,365,5,41250,53.32,0,3600,2,馬達
2021/9/20 07:11,413,63,103,0,802,773,547,-5,224,78,123,-16,852,1042,737,1,367,41,71,-9,619,521,368,3,41312,53.39,0,3600,2,馬達
2021/9/20 08:11,386,61,132,5,801,748,529,-5,225,79,121,-26,863,1057,747,4,441,41,61,-2,609,518,366,5,40937,53.46,0,3600,2,馬達
2021/9/20 09:11,384,63,118,2,800,759,537,-7,197,78,131,-14,865,1043,737,4,417,41,64,-4,620,521,368,6,40875,53.42,0,3600,2,馬達
2021/9/20 10:11,398,63,129,-4,800,760,537,-5,60,80,138,-18,888,1084,766,5,396,41,68,-5,627,517,365,8,40812,53.34,0,3600,2,馬達
2021/9/20 11:11,370,63,128,-9,802,761,538,-3,217,80,131,-16,878,1061,750,6,372,40,73,-13,622,520,368,3,40750,53.31,0,3600,2,馬達
2021/9/20 12:11,403,63,112,4,814,779,551,-6,98,77,145,-20,856,1032,730,5,366,40,64,-9,628,512,362,5,44250,53.35,0,3600,2,馬達
2021/9/20 13:11,338,63,116,5,775,764,540,-5,256,77,126,-7,853,1032,730,5,384,40,70,-14,615,508,359,5,40250,53.3,0,3600,2,馬達
2021/9/20 15:11,382,63,98,-2,777,771,545,-10,252,78,108,-22,834,1047,740,7,363,41,63,-13,624,520,367,5,40125,53.29,0,3600,2,馬達
2021/9/20 16:11,376,63,102,-9,773,773,547,-7,165,78,146,-28,890,1047,741,1,393,41,65,-5,632,520,368,3,40000,53.38,0,3600,2,馬達
2021/9/20 17:11,366,62,110,4,778,756,534,-13,190,80,129,-21,897,1064,752,4,396,41,66,-11,615,514,363,7,40437,53.32,0,3600,2,馬達
2021/9/20 18:11,393,64,104,1,792,786,556,-8,170,78,141,-16,868,1042,737,5,398,41,63,-10,638,524,370,5,40500,53.32,0,3600,2,馬達
2021/9/20 19:11,385,63,106,-2,797,774,547,-6,117,79,144,-27,882,1061,750,4,363,41,68,-16,626,519,367,5,40437,53.43,0,3600,2,馬達
2021/9/20 20:11,407,64,140,3,798,771,545,-6,197,80,173,-21,929,1067,754,5,399,40,69,-7,614,511,361,5,40500,53.29,0,3600,2,馬達
2021/9/20 21:11,388,64,140,-3,822,774,547,-4,246,80,147,-12,887,1072,758,7,384,40,74,-17,627,516,365,8,40562,53.38,0,3600,2,馬達
2021/9/20 22:11,366,63,115,-2,794,775,548,-8,185,80,141,-23,910,1071,758,1,352,40,66,-18,624,515,364,1,40500,53.29,0,3600,2,馬達
2021/9/20 23:11,383,63,114,3,792,775,548,-12,240,78,131,-21,860,1046,739,4,405,40,71,-4,629,512,361,6,40312,53.39,0,3600,2,馬達
2021/9/21 00:11,378,65,117,-3,805,795,562,-12,233,77,136,-19,875,1030,728,3,374,40,66,-13,637,516,365,9,40312,53.38,0,3600,2,馬達
2021/9/21 01:11,375,63,110,-11,820,771,545,-6,141,74,131,-3,806,993,701,7,392,41,66,-7,625,517,365,5,35875,53.31,0,3600,2,馬達
2021/9/21 02:11,415,64,127,5,816,789,558,-4,127,78,140,-17,865,1036,732,3,371,41,65,-14,636,520,368,6,36000,53.32,0,3600,2,馬達
2021/9/21 03:11,398,65,108,6,808,805,569,-4,169,76,151,-15,850,1014,717,6,381,41,67,-12,634,526,372,4,41062,53.32,0,3600,2,馬達
2021/9/21 04:11,381,64,120,2,806,782,552,-9,194,77,108,-20,818,1029,727,3,383,41,65,-11,622,523,369,2,41125,53.4,0,3600,2,馬達
2021/9/21 05:11,330,64,117,11,778,776,549,-16,205,78,144,-14,877,1040,735,5,370,40,73,-15,617,513,362,6,41125,53.34,0,3600,2,馬達
2021/9/21 08:11,382,65,106,2,810,807,570,-8,162,78,143,-20,856,1035,731,3,400,41,64,-10,640,525,371,8,41062,53.39,0,3600,2,馬達
2021/9/21 09:11,410,65,108,-3,803,801,566,-11,265,75,107,-17,787,1011,715,9,416,41,70,-3,626,519,367,5,41062,53.32,0,3600,2,馬達
2021/9/21 10:11,400,64,113,6,778,777,549,-11,254,79,148,-18,886,1060,749,5,360,41,62,-11,606,522,369,4,41062,53.38,0,3600,2,馬達
2021/9/21 11:11,362,66,104,3,780,808,571,-15,237,77,132,-6,823,1016,719,6,384,41,58,-1,611,523,370,7,41187,53.32,0,3600,2,馬達
2021/9/21 12:11,358,66,110,0,825,815,576,-8,153,77,147,-19,853,1027,726,0,372,41,65,-14,636,522,369,2,41187,53.31,0,3600,2,馬達
2021/9/21 13:11,381,66,98,13,781,808,571,-12,201,75,130,-13,828,1012,716,9,357,40,66,-15,618,520,367,3,40687,53.37,0,3600,2,馬達
2021/9/21 14:11,394,65,114,4,796,792,560,-10,206,74,110,-12,790,990,700,2,378,41,71,-13,621,529,374,4,40687,53.36,0,3600,2,馬達
2021/9/21 15:11,343,65,109,17,789,803,567,-16,145,73,131,-6,804,975,690,-1,372,40,71,-9,628,515,364,1,40812,53.32,0,3600,2,馬達
2021/9/21 16:11,361,67,99,-1,791,834,589,-13,194,77,144,-15,845,1034,731,4,358,41,66,-13,631,524,370,6,40812,53.3,0,3600,2,馬達
2021/9/21 19:11,356,68,112,9,790,840,594,-16,325,76,145,-7,828,1007,712,6,402,41,70,-8,629,529,374,6,40812,53.4,0,3600,2,馬達
2021/9/21 20:11,377,66,122,-3,768,816,577,-11,178,81,136,-23,892,1086,767,0,360,41,76,-13,616,515,364,1,41375,53.39,0,3600,2,馬達
2021/9/21 21:11,356,67,113,14,774,818,579,-13,135,76,146,-18,833,1025,724,3,399,40,76,0,616,515,364,4,45562,53.37,0,3600,2,馬達
2021/9/21 23:11,400,63,104,4,758,761,538,-7,209,75,138,-8,816,996,704,9,379,41,62,-5,604,523,370,2,41750,53.39,0,3600,2,馬達
2021/9/22 00:11,393,70,115,2,818,855,605,-15,176,74,131,-7,831,997,704,3,385,41,71,-8,628,529,374,5,41812,53.35,0,3600,2,馬達
2021/9/22 01:11,341,69,122,7,834,861,608,-13,163,72,133,-10,782,961,679,3,357,41,75,-12,645,532,376,4,41562,53.3,0,3600,2,馬達
2021/9/22 02:11,360,69,118,-4,818,862,609,-16,149,75,139,-16,800,1013,716,3,376,40,74,-14,638,519,367,7,41375,53.35,0,3600,2,馬達
2021/9/22 03:11,378,69,115,9,843,866,613,-15,227,74,123,-10,783,989,699,6,368,41,67,-8,629,527,373,5,41250,53.35,0,3600,2,馬達
2021/9/22 04:11,338,68,102,-1,790,843,596,-11,110,75,143,-15,812,1001,707,5,403,41,66,-14,608,526,372,1,41187,53.37,0,3600,2,馬達
2021/9/22 05:11,351,70,103,-6,805,874,618,-16,185,73,119,-2,787,975,689,9,384,41,66,-10,623,521,368,5,41250,53.34,0,3600,2,馬達
2021/9/22 06:11,368,68,114,4,804,850,601,-12,75,73,135,-12,798,980,693,6,365,41,67,-4,626,526,372,5,41375,53.39,0,3600,2,馬達
2021/9/22 07:11,371,68,128,8,820,847,599,-13,97,72,125,-4,772,970,686,8,395,41,67,-9,617,529,374,7,41312,53.44,0,3600,2,馬達
2021/9/22 08:11,367,70,115,-3,825,862,609,-10,182,73,112,-8,790,977,691,8,405,41,77,-9,637,528,373,10,41187,53.41,0,3600,2,馬達
2021/9/22 09:11,355,71,117,6,832,885,626,-16,105,77,142,-18,842,1022,723,6,382,41,71,-9,645,531,375,5,41125,53.38,0,3600,2,馬達
2021/9/22 10:11,350,69,106,3,819,856,605,-12,98,73,130,-3,805,987,698,3,405,40,66,-9,630,518,366,5,41187,53.32,0,3600,2,馬達
2021/9/22 11:11,371,69,115,7,822,858,606,-10,289,78,141,-10,873,1049,742,6,376,41,65,-7,635,523,370,3,41125,53.29,0,3600,2,馬達
2021/9/22 12:11,363,70,100,5,798,868,613,-16,171,72,127,-2,782,955,675,3,387,41,68,-14,624,522,369,7,36312,53.35,0,3600,2,馬達
2021/9/22 13:11,381,68,122,3,799,838,592,-14,182,71,154,-10,812,949,670,6,371,41,70,-11,623,520,367,2,41500,53.31,0,3600,2,馬達
2021/9/22 16:11,334,69,132,7,816,857,606,-20,175,74,139,-6,811,986,697,6,383,40,73,-17,626,511,361,6,41125,53.37,0,3600,2,馬達
2021/9/22 17:11,378,70,123,17,806,867,613,-17,228,71,136,-5,792,945,668,8,367,40,76,-20,631,518,366,4,41125,53.32,0,3600,2,馬達
2021/9/22 18:11,370,70,102,5,781,856,605,-14,54,72,119,-7,782,964,681,7,360,40,68,-13,623,520,368,1,40812,53.39,0,3600,2,馬達
2021/9/22 19:11,362,70,112,6,812,870,615,-16,107,74,164,-17,836,991,701,5,399,41,69,-2,634,520,368,8,40812,53.35,0,3600,2,馬達
2021/9/22 20:11,361,71,128,-1,822,889,628,-15,152,72,154,-9,814,965,682,7,359,41,77,-17,638,525,371,0,40812,53.39,0,3600,2,馬達
2021/9/22 21:11,394,69,135,9,830,864,610,-13,128,72,129,-9,808,966,683,-1,349,41,77,-15,633,520,368,1,40750,53.38,0,3600,2,馬達
2021/9/22 22:11,361,71,120,7,800,881,623,-21,151,76,144,-15,837,1016,718,3,403,41,79,5,631,520,367,3,41125,53.34,0,3600,2,馬達
2021/9/22 23:11,347,72,111,8,824,899,635,-18,303,72,125,0,770,948,670,7,359,41,67,-12,634,531,375,3,41062,53.29,0,3600,2,馬達
2021/9/23 00:11,382,70,130,2,805,862,610,-15,105,73,123,-9,796,979,692,8,386,41,72,-8,624,525,371,9,41062,53.28,0,3600,2,馬達
2021/9/23 01:11,354,71,123,-5,810,879,621,-13,276,73,117,-5,769,962,680,7,398,41,74,-4,624,525,371,8,41187,53.41,0,3600,2,馬達
2021/9/23 02:11,348,70,115,0,810,880,622,-17,166,77,132,-7,838,1035,732,0,383,41,71,-6,637,528,373,0,41187,53.32,0,3600,2,馬達
2021/9/23 03:11,353,71,105,3,776,889,628,-14,173,75,130,-15,804,1001,708,5,404,41,68,-10,607,527,372,6,41312,53.39,0,3600,2,馬達
2021/9/23 04:11,380,72,124,11,830,881,623,-18,238,75,140,-3,819,990,700,2,367,41,72,-13,621,529,373,2,41187,53.38,0,3600,2,馬達
2021/9/23 05:11,337,72,127,5,817,890,629,-15,316,74,154,-2,816,981,694,7,381,41,74,-4,613,521,368,5,41062,53.4,0,3600,2,馬達
2021/9/23 08:11,358,72,108,13,800,887,627,-19,159,74,120,-2,776,975,689,5,376,41,70,-8,621,524,370,3,41000,53.35,0,3600,2,馬達
2021/9/23 09:11,382,72,106,-1,814,897,634,-11,90,73,171,-1,820,958,678,5,391,41,69,-12,621,521,368,7,41250,53.37,0,3600,2,馬達
2021/9/23 10:11,344,73,120,3,799,894,632,-18,191,71,127,-12,777,942,666,8,398,41,68,-9,599,517,365,8,41312,53.43,0,3600,2,馬達
2021/9/23 11:11,346,73,135,4,807,909,643,-21,231,73,135,-5,809,978,692,8,389,41,86,-8,624,521,368,4,41062,53.38,0,3600,2,馬達
2021/9/23 12:11,349,74,116,-1,833,921,652,-16,215,75,145,-8,829,992,702,7,377,40,71,-12,635,524,370,7,41000,53.35,0,3600,2,馬達
2021/9/23 13:11,364,74,115,2,833,920,650,-15,206,72,140,-12,793,958,677,7,371,41,68,-15,634,521,368,4,41000,53.31,0,3600,2,馬達
2021/9/23 14:11,378,72,120,11,820,887,627,-14,223,71,171,-3,828,943,667,6,408,41,71,-3,629,528,373,1,41062,53.33,0,3600,2,馬達
2021/9/23 15:11,343,73,119,11,808,907,641,-18,123,73,155,-1,840,964,681,5,364,41,75,-14,625,528,373,2,41000,53.37,0,3600,2,馬達
2021/9/23 16:11,358,73,117,2,804,909,643,-17,147,74,148,-15,826,995,704,2,399,40,74,-3,624,520,367,6,88,53.3,0,3600,2,馬達
2021/9/23 17:11,353,74,135,10,851,925,654,-18,195,73,149,-3,814,962,680,1,384,41,77,-6,654,532,376,2,41562,53.35,0,3600,2,馬達
2021/9/23 18:11,329,73,114,6,820,908,642,-16,159,72,149,-2,806,956,676,9,402,42,70,-4,629,540,382,3,41625,53.35,0,3600,2,馬達
2021/9/23 19:11,370,75,124,0,841,932,658,-15,233,75,149,-10,819,986,697,12,368,41,67,-11,633,518,366,1,41437,53.36,0,3600,2,馬達
2021/9/23 21:11,372,75,131,7,860,928,656,-15,228,75,138,-13,831,1013,716,4,410,42,75,-4,646,534,377,11,41062,53.39,0,3600,2,馬達
2021/9/23 23:11,400,73,131,16,829,911,644,-16,229,72,158,-13,824,953,674,7,398,41,72,0,620,524,371,3,41062,53.36,0,3600,2,馬達
2021/9/24 00:11,357,72,141,10,836,887,627,-19,235,77,144,-5,844,1032,730,6,374,41,77,-10,628,517,365,2,41062,53.36,0,3600,2,馬達
2021/9/24 01:11,337,74,131,-5,835,921,651,-19,208,72,143,0,810,949,671,7,403,41,81,-6,636,527,372,9,41187,53.37,0,3600,2,馬達
2021/9/24 02:11,389,73,136,7,848,906,641,-16,200,72,148,0,802,955,675,7,409,42,73,0,634,526,372,1,41187,53.34,0,3600,2,馬達
2021/9/24 03:11,355,75,113,4,837,937,662,-16,185,72,145,0,793,968,685,7,375,41,71,-6,643,524,370,1,41312,53.37,0,3600,2,馬達
2021/9/24 04:11,367,74,120,-3,844,935,661,-18,167,72,155,-7,814,969,685,6,376,42,79,-13,648,543,384,5,40812,53.31,0,3600,2,馬達
2021/9/24 05:11,383,76,143,-1,870,943,667,-21,220,71,140,0,790,939,664,7,411,42,78,-8,645,535,378,4,40875,53.32,0,3600,2,馬達
2021/9/24 06:11,377,74,133,8,845,915,647,-17,81,72,151,-2,823,959,678,5,394,41,77,-8,635,528,373,2,40750,53.37,0,3600,2,馬達
2021/9/24 07:11,392,75,146,14,866,929,657,-22,211,73,142,-10,813,970,686,5,390,42,82,-15,643,537,379,3,40750,53.4,0,3600,2,馬達
2021/9/24 08:11,359,76,104,3,818,948,670,-16,153,73,133,-9,796,965,682,7,382,41,72,-12,646,530,375,11,41062,53.38,0,3600,2,馬達
2021/9/24 09:11,362,74,118,4,813,926,655,-18,165,71,138,-4,791,940,665,5,379,41,70,-13,618,522,369,1,40750,53.32,0,3600,2,馬達
2021/9/24 10:11,339,76,120,12,849,940,665,-13,253,73,142,-10,800,971,687,9,362,41,69,-16,638,525,371,5,41062,53.3,0,3600,2,馬達
2021/9/24 11:11,352,75,124,4,849,934,661,-15,289,76,134,-13,803,1014,717,7,372,41,78,-11,646,527,372,7,40562,53.35,0,3600,2,馬達
2021/9/24 12:11,357,74,136,0,832,915,647,-20,102,74,116,-2,777,998,705,9,414,41,70,-1,611,524,370,9,40187,53.32,0,3600,2,馬達
2021/9/24 13:11,364,73,108,0,809,905,640,-16,243,70,121,-5,749,930,657,13,372,41,68,-12,615,525,371,0,40125,53.39,0,3600,2,馬達
2021/9/24 16:11,358,75,121,10,815,924,653,-13,128,72,150,-8,806,953,674,10,394,41,70,-10,616,533,377,4,40187,53.39,0,3600,2,馬達
2021/9/24 17:11,361,74,125,-7,820,933,659,-15,142,73,161,-17,827,966,683,5,372,41,74,-6,611,523,370,4,40187,53.43,0,3600,2,馬達
2021/9/24 18:11,377,76,117,2,842,950,671,-17,123,72,131,-10,776,949,671,7,404,41,74,-2,629,531,375,6,40187,53.3,0,3600,2,馬達
2021/9/24 19:11,335,76,131,6,837,941,665,-19,175,72,148,-6,807,945,668,8,388,41,75,-10,623,522,369,6,40250,53.38,0,3600,2,馬達
2021/9/24 20:11,414,75,117,12,828,936,662,-16,157,74,147,-13,830,992,701,9,371,41,74,-6,633,526,372,6,40250,53.42,0,3600,2,馬達
2021/9/24 21:11,356,76,136,3,881,952,673,-20,229,72,156,-4,818,966,683,7,405,41,72,-7,640,528,373,7,40250,53.4,0,3600,2,馬達
2021/9/24 22:11,362,76,128,11,844,950,672,-22,247,72,164,-1,835,961,680,4,391,41,75,2,639,526,371,4,36000,53.36,0,3600,2,馬達
2021/9/24 23:11,333,75,150,4,850,934,660,-19,254,76,132,-5,824,1005,711,9,374,41,76,-9,630,529,373,7,35937,53.41,0,3600,2,馬達
2021/9/25 00:11,361,75,136,6,841,924,653,-18,143,75,138,-4,817,990,700,8,378,41,78,-9,622,523,370,6,35875,53.41,0,3600,2,馬達
2021/9/25 03:11,346,77,133,6,844,954,675,-17,147,77,154,-21,859,1008,713,3,415,42,76,-3,642,536,379,9,40750,53.4,0,3600,2,馬達
2021/9/25 04:11,391,75,155,8,866,929,657,-16,134,71,180,-5,815,926,655,5,385,41,80,-11,634,526,371,4,40750,53.4,0,3600,2,馬達
2021/9/25 05:11,399,75,127,10,853,926,655,-16,161,76,172,-9,869,1015,717,3,393,42,80,-7,638,531,375,0,40812,53.39,0,3600,2,馬達
2021/9/25 08:11,343,77,149,3,846,975,689,-23,176,74,169,0,843,983,695,8,383,41,84,-8,618,521,368,0,40812,53.43,0,3600,2,馬達
2021/9/25 09:11,401,75,135,5,828,922,652,-17,91,73,159,-2,826,963,680,3,382,41,75,-13,621,522,369,1,40687,53.43,0,3600,2,馬達
2021/9/25 10:11,341,77,128,-4,829,967,684,-20,121,71,150,-2,796,941,665,7,414,41,82,-11,632,529,374,7,40625,53.34,0,3600,2,馬達
2021/9/25 11:11,366,76,148,12,848,942,666,-18,186,71,147,-2,801,936,662,5,355,42,80,-10,637,538,380,6,40625,53.38,62.9259,3600,2,馬達
2021/9/25 12:11,343,78,141,0,853,973,688,-23,193,76,162,-7,858,999,706,6,365,41,75,-14,633,530,374,2,40562,53.38,62.4799,3600,2,馬達
2021/9/25 13:11,399,78,113,6,820,968,685,-18,136,77,164,-12,874,1024,724,6,389,41,75,-6,625,524,370,7,40937,53.4,62.791,3600,2,馬達
2021/9/25 14:11,350,75,132,-2,822,935,661,-15,123,73,143,-5,822,974,688,8,390,41,77,-6,607,519,367,7,40875,53.43,63.4608,3600,2,馬達
2021/9/25 15:11,369,75,113,10,808,921,651,-14,116,75,176,-2,871,1001,708,4,354,41,73,-8,628,525,371,-1,41062,53.44,62.8251,3600,2,馬達
2021/9/25 16:11,366,77,136,1,844,956,676,-19,137,75,150,-10,825,995,703,5,372,41,77,-6,632,526,372,7,41437,53.4,62.8428,3600,2,馬達
2021/9/25 17:11,358,77,141,-2,844,954,674,-15,200,75,145,-7,825,1002,709,5,383,41,77,-8,631,527,372,4,41500,53.39,63.4308,3600,2,馬達
2021/9/25 18:11,409,75,132,3,814,921,651,-14,289,72,135,3,787,943,666,9,341,41,82,-15,615,520,367,2,41500,53.42,62.8862,3600,2,馬達
2021/9/25 19:11,368,77,129,19,827,959,678,-22,120,70,141,2,783,927,655,11,392,41,70,-10,608,514,363,2,41562,53.39,62.5315,3600,2,馬達
2021/9/25 20:11,376,77,148,4,828,959,678,-16,193,71,145,0,791,937,662,6,379,41,74,-12,606,515,364,2,41187,53.42,62.9387,3600,2,馬達
2021/9/25 21:11,366,77,133,0,842,972,687,-19,235,72,128,0,766,957,676,7,371,41,82,-12,639,526,372,5,41187,53.38,63.0814,3600,2,馬達
2021/9/25 23:11,344,79,140,8,842,989,699,-16,218,72,168,-8,813,950,672,5,386,41,74,-8,599,518,366,3,40875,53.39,62.4857,3600,2,馬達
2021/9/26 00:11,345,77,120,5,813,965,682,-18,197,71,162,-4,818,942,666,6,391,41,71,-10,610,522,369,9,41375,53.37,62.8115,3600,2,馬達
2021/9/26 01:11,362,78,127,0,817,974,689,-21,103,73,170,-6,848,963,681,7,400,41,75,-2,615,525,371,7,41375,53.41,63.1408,3600,2,馬達
2021/9/26 02:11,385,77,137,7,831,955,675,-21,166,71,161,1,810,943,666,10,411,41,75,-1,609,517,366,6,41187,53.4,62.7007,3600,2,馬達
2021/9/26 03:11,348,78,134,12,835,965,682,-21,292,73,154,-2,821,971,687,10,393,41,69,-3,619,518,366,4,41250,53.42,62.779,3600,2,馬達
2021/9/26 04:11,320,79,152,10,883,981,693,-22,227,74,168,-7,861,994,703,9,398,41,83,2,625,523,369,5,41125,53.36,62.8714,3600,2,馬達
2021/9/26 05:11,348,77,127,5,833,957,677,-20,191,72,167,3,840,954,674,11,411,41,78,1,620,521,368,5,41125,53.44,63.7235,3600,2,馬達
2021/9/26 06:11,386,76,122,5,823,941,666,-19,189,74,157,-8,831,984,695,12,382,41,71,-2,618,526,372,-2,41500,53.43,63.0139,3600,2,馬達
2021/9/26 07:11,341,76,138,1,846,952,673,-15,301,71,129,4,769,933,660,6,385,41,79,-12,616,522,369,0,41500,53.4,63.442,3600,2,馬達
2021/9/26 08:11,359,77,134,6,834,954,674,-15,295,73,173,0,841,978,691,9,405,41,77,-1,614,520,368,4,41312,53.39,63.1673,3600,2,馬達
2021/9/26 09:11,355,79,124,-3,857,986,697,-16,313,74,153,-2,815,987,698,9,375,41,73,-2,631,522,369,3,41187,53.35,62.9112,3600,2,馬達
2021/9/26 10:11,340,78,147,11,846,964,681,-22,210,73,163,-2,832,968,684,14,380,41,74,-5,601,522,369,6,41125,53.54,63.0939,3600,2,馬達
2021/9/26 11:11,344,78,145,9,829,963,681,-22,284,75,162,-1,835,984,696,10,427,41,71,0,602,516,365,5,41125,53.44,63.4581,3600,2,馬達
2021/9/26 12:11,352,78,150,6,829,965,682,-22,160,70,153,-9,801,922,652,5,387,41,77,-9,616,524,370,2,41187,53.31,62.5463,3600,2,馬達
2021/9/26 13:11,374,76,158,20,845,955,675,-21,180,71,138,-2,817,936,661,4,407,41,71,-10,600,522,369,3,41125,53.41,61.8006,3600,2,馬達
2021/9/26 15:11,380,79,130,0,828,981,694,-19,193,72,141,-5,808,941,665,15,395,41,82,-11,623,522,369,2,41062,53.4,62.5674,3600,2,馬達
2021/9/26 16:11,366,78,123,6,852,982,694,-15,178,74,148,-3,821,982,694,9,393,41,72,-8,640,524,370,2,41312,53.29,62.7135,3600,2,馬達
2021/9/26 17:11,336,79,139,4,842,980,692,-22,247,71,151,0,803,950,671,11,392,41,76,-5,628,520,367,5,41250,53.4,63.0224,3600,2,馬達
2021/9/26 18:11,332,78,152,18,865,972,687,-23,165,71,143,1,802,935,661,8,384,41,75,-7,623,527,373,3,41187,53.3,63.067,3600,2,馬達
2021/9/26 19:11,346,79,149,7,848,977,690,-21,197,74,192,-4,861,970,686,3,400,41,82,-8,622,521,368,1,41187,53.37,62.9573,3600,2,馬達
2021/9/26 20:11,311,80,146,6,855,1005,710,-22,302,74,159,-2,829,968,684,4,392,41,75,-7,621,524,371,5,41187,53.35,62.5115,3600,2,馬達
2021/9/26 21:11,362,79,160,10,856,985,696,-20,162,72,145,-4,788,952,673,10,388,41,91,-11,625,524,370,8,41375,53.3,63.3444,3600,2,馬達
2021/9/26 22:11,317,79,143,4,854,988,698,-19,247,75,180,0,872,998,705,2,389,41,72,-3,614,523,370,2,41250,53.42,62.6833,3600,2,馬達
2021/9/26 23:11,341,78,145,9,826,960,679,-21,141,76,148,-17,828,1008,713,8,364,40,73,-5,594,508,359,3,41125,53.37,63.1171,3600,2,馬達
2021/9/27 00:11,417,80,144,12,850,974,689,-16,244,72,138,-11,810,962,681,9,397,42,77,-5,635,535,378,5,41062,53.39,62.8656,3600,2,馬達
2021/9/27 01:11,322,78,141,7,860,967,684,-14,181,74,151,-8,809,969,685,6,379,41,78,-6,623,524,370,5,41000,53.45,62.8017,3600,2,馬達
2021/9/27 02:11,365,79,125,3,819,983,695,-21,201,75,132,-10,803,993,702,8,392,41,79,0,610,521,368,1,41250,53.47,63.0115,3600,2,馬達
2021/9/27 03:11,335,78,151,2,846,962,680,-14,152,71,147,-1,790,931,658,6,380,41,76,2,609,519,367,5,41062,53.36,62.6232,3600,2,馬達
2021/9/27 04:11,334,77,140,15,827,949,671,-17,165,73,163,0,814,954,675,9,392,41,78,-10,616,527,372,4,41250,53.39,63.2064,3600,2,馬達
2021/9/27 05:11,393,79,146,7,846,986,697,-21,153,73,162,-3,818,954,675,14,377,41,72,-8,621,526,372,5,41125,53.4,63.3862,3600,2,馬達
2021/9/27 07:11,346,80,126,-3,828,1004,710,-16,159,73,156,-7,831,962,680,1,380,41,75,-3,619,520,367,6,40937,53.32,62.5274,3600,2,馬達
2021/9/27 08:11,354,80,121,0,831,996,704,-19,255,74,171,-2,853,972,687,5,372,41,75,-10,631,527,372,4,40812,53.35,62.6844,3600,2,馬達
2021/9/27 09:11,356,79,136,4,865,986,697,-18,183,71,154,-14,814,935,661,8,398,41,72,-6,625,523,369,8,40750,53.31,62.7849,3600,2,馬達
2021/9/27 10:11,339,78,142,-1,864,977,691,-16,68,71,155,-10,835,938,663,1,412,41,81,-10,631,524,370,3,41062,53.33,62.9507,3600,2,馬達
2021/9/27 11:11,340,81,156,-7,876,1010,714,-21,270,71,144,-4,787,918,649,8,401,42,79,-10,634,528,373,1,41125,53.31,62.5505,3600,2,馬達
2021/9/27 12:11,310,83,146,1,937,1042,737,-22,209,78,156,-12,875,1039,734,10,387,41,71,-4,669,520,368,2,40875,52.98,59.6421,3600,2,馬達
2021/9/27 13:11,377,82,139,-10,916,1030,728,-13,121,74,159,-14,851,998,705,0,416,41,72,-10,654,513,363,5,40812,53.02,59.953,3600,2,馬達
2021/9/27 14:11,376,76,136,1,791,940,664,-14,60,70,48,-32,320,944,668,1,413,41,70,-1,589,514,363,3,40937,53.44,62.8943,3600,2,馬達
2021/9/27 15:11,356,77,128,5,789,951,672,-15,151,61,78,-4,572,815,576,-1,359,41,70,-13,606,523,370,3,41000,53.42,63.6796,3600,2,馬達
2021/9/27 16:11,367,64,61,-18,431,870,615,4,153,65,94,0,696,869,614,1,440,28,21,5,177,368,260,11,41062,53.33,63.329,3600,2,馬達
2021/9/27 19:11,325,66,93,-21,851,892,631,-2,225,66,105,-6,702,816,576,5,368,33,51,-5,505,455,322,24,41000,53.4,63.9233,3600,2,馬達
2021/9/27 20:11,371,78,107,-1,957,1037,733,-16,117,65,122,-3,741,839,593,5,371,37,60,-4,641,508,359,20,41000,53.43,64.1339,3600,2,馬達
2021/9/27 21:11,434,93,123,17,925,1048,741,-18,177,64,133,4,755,834,590,10,455,47,71,4,651,517,365,10,41000,53.49,63.3305,3600,2,馬達
2021/9/27 23:11,368,84,128,0,888,1030,728,-20,181,65,129,-3,752,836,591,3,411,43,72,-3,624,518,366,10,41000,53.55,64.5749,3600,2,馬達
2021/9/28 00:11,344,84,129,0,881,1029,727,-20,194,63,151,2,774,807,571,2,405,42,79,-1,635,517,365,5,41312,53.58,64.3776,3600,2,馬達
2021/9/28 01:11,348,84,114,-1,881,1018,719,-18,289,65,150,-2,770,844,597,9,394,42,71,-5,640,524,370,4,41375,53.46,63.6897,3600,2,馬達
2021/9/28 02:11,358,83,126,-1,857,1024,724,-22,128,65,158,-4,803,846,598,10,389,41,78,-13,629,518,366,4,41437,53.51,64.0739,3600,2,馬達
2021/9/28 03:11,370,83,145,3,873,1025,725,-22,128,66,142,-13,775,863,610,4,378,41,82,-9,632,513,363,3,41187,53.51,63.75,3600,2,馬達
2021/9/28 04:11,349,81,134,0,884,1020,721,-18,174,66,141,-5,766,858,607,6,373,41,84,-14,651,515,364,0,40875,53.5,63.3923,3600,2,馬達
2021/9/28 05:11,315,80,142,-1,851,990,700,-19,238,65,130,-3,728,858,607,11,413,41,79,-6,618,508,359,0,40875,53.39,63.7568,3600,2,馬達
2021/9/28 06:11,368,80,134,0,865,1004,710,-20,69,67,142,-1,779,868,613,9,359,40,81,-18,621,511,361,6,40937,53.51,63.1464,3600,2,馬達
2021/9/28 07:11,320,80,127,-6,852,1005,711,-19,144,67,126,-2,748,882,624,9,361,40,73,-12,608,509,360,0,40875,53.43,63.2233,3600,2,馬達
2021/9/28 08:11,357,83,139,8,869,1025,725,-23,182,68,137,-10,769,890,629,8,387,41,78,-6,645,523,370,2,40750,53.51,63.5917,3600,2,馬達
2021/9/28 10:11,353,80,125,2,841,995,703,-20,271,67,142,-8,771,873,617,12,370,40,74,-16,621,510,360,3,40812,53.4,63.3968,3600,2,馬達
2021/9/28 11:11,385,81,130,6,866,1019,720,-20,184,68,149,-7,777,886,627,10,374,40,70,-15,623,516,364,5,40750,53.37,63.5576,3600,2,馬達
